word	pinyin	definition	sentence	sentence_pinyin	sentence_translation
一切	yī qiè	everything	一切都很好。	yị́ qiè dōu hěn hǎo。	Everything is fine.
不仅	bù jǐn	not only	他不仅聪明，而且努力。	tā bù jǐn cōng ming， ér qiě nǔ lì。	He is not only smart, but also hardworking.
不得不	bù dé bù	have no choice but to	他不得不取消了这次旅行。	tā bù dé bù qǔ xiāo le zhè cì lǚ xíng。	He had no choice but to cancel this trip.
不管	bù guǎn	no matter; regardless	不管天气好还是不好，我都去跑步。	bù guǎn tiān qì hǎo hái shi bù hǎo， wǒ dōu qù pǎo bù。	No matter whether the weather is good or not, I go running.
不过	bù guò	but	这件衣服很好看，不过太贵了。	zhè jiàn yī fu hěn hǎo kàn， bụ́ guò tài guì le。	This outfit looks great, but it's too expensive.
不过	bù guò	exceedingly	这件事再好不过了。	zhè jiàn shì zài hǎo bụ́ guò le。	This couldn't be better.
与	yǔ	same as 和 and 跟, but only used in written Chinese	他与她是同学。	tā yǔ tā shì tóng xué。	He and she are classmates.
专业	zhuān yè	main field of study	你的专业是什么？	nǐ de zhuān yè shì shén me？	What is your major field of study?
专业	zhuān yè	professional	他的表现非常专业。	tā de biǎo xiàn fēi cháng zhuān yè。	His performance was very professional.
专业	zhuān yè	specialized	这份工作需要专业的知识。	zhè fèn gōng zuò xū yào zhuān yè de zhī shi。	This job requires specialized knowledge.
专业	zhuān yè	specialty	汉语是一门很重要的专业。	hàn yǔ shì yị̀ mén hěn zhòng yào de zhuān yè。	Chinese is a very important specialty.
专门	zhuān mén	specialized	这家店专门卖中国茶。	zhè jiā diàn zhuān mén mài zhōng guó chá。	This shop specializes in selling Chinese tea.
世纪	shì jì	century	我们生活在二十一世纪。	wǒ men shēng huó zài èr shí yī shì jì。	We live in the 21st century.
丢	diū	to lose	我丢了我的钱包。	wǒ diū le wǒ de qián bāo。	I lost my wallet.
严格	yán gé	strict	这位老师对学生很严格。	zhè wèi lǎo shī duì xué sheng hěn yán gé。	This teacher is very strict with students.
严重	yán zhòng	grave	这次的问题很严重。	zhè cì de wèn tí hěn yán zhòng。	This problem is very grave.
丰富	fēng fù	plentiful	这里的水果非常丰富。	zhè lǐ de shuǐ guǒ fēi cháng fēng fù。	The fruit here is very plentiful.
丰富	fēng fù	rich	他有丰富的经验。	tā yǒu fēng fù de jīng yàn。	He has rich experience.
主意	zhǔ yi	idea	她有一个很好的主意。	tā yǒu yị́ gè hěn hǎo de zhǔ yi。	She has a very good idea.
主意	zhǔ yi	plan	他想出了一个好主意。	tā xiǎng chū le yị́ gè hǎo zhǔ yi。	He came up with a good plan.
举	jǔ	to cite (an example, a reason, etc.)	老师举了一个例子。	lǎo shī jǔ le yị́ gè lì zi。	The teacher cited an example.
举办	jǔ bàn	to hold	学校举办了运动会。	xué xiào jǔ bàn le yùn dòng huì。	The school held a sports meet.
举行	jǔ xíng	to hold (a meeting, ceremony, etc.)	会议将在明天举行。	huì yì jiāng zài míng tiān jǔ xíng。	The meeting will be held tomorrow.
之	zhī	possessive particle, literary equivalent of 的	学习之路很长。	xué xí zhī lù hěn cháng。	The road of learning is long. (之 as literary possessive, equivalent to 的)
乒乓球	pīng pāng qiú	ping-pong	我每天打乒乓球。	wǒ měi tiān dǎ pīng pāng qiú。	I play ping-pong every day.
乘坐	chéng zuò	to ride (in a vehicle)	我每天乘坐地铁上班。	wǒ měi tiān chéng zuò dì tiě shàng bān。	I ride the subway to work every day.
也许	yě xǔ	perhaps	也许他今天不来了。	yě xǔ tā jīn tiān bù lái le。	Perhaps he is not coming today.
乱	luàn	disorderly	他的房间很乱。	tā de fáng jiān hěn luàn。	His room is very disorderly.
于是	yú shì	as a result	他很努力，于是成功了。	tā hěn nǔ lì， yú shì chéng gōng le。	He worked hard; as a result he succeeded.
云	yún	cloud	今天云很多。	jīn tiān yún hěn duō。	There are many clouds today.
互相	hù xiāng	each other	我们互相帮助。	wǒ men hù xiāng bāng zhù。	We help each other.
互联网	hù lián wǎng	the Internet	我在互联网上找到了答案。	wǒ zài hù lián wǎng shàng zhǎo dào le dá àn。	I found the answer on the Internet.
亚洲	yà zhōu	Asia	中国在亚洲。	zhōng guó zài yà zhōu。	China is in Asia.
交	jiāo	to give	妈妈把礼物交给了孩子。	mā ma bǎ lǐ wù jiāo gěi le hái zi。	Mom gave the gift to the child.
交	jiāo	to hand over	他把作业交给了老师。	tā bǎ zuò yè jiāo gěi le lǎo shī。	He handed over the homework to the teacher.
交	jiāo	to pay (money)	他每个月交房租。	tā měi gè yuè jiāo fáng zū。	He pays rent every month.
交流	jiāo liú	to exchange	我们经常交流学习经验。	wǒ men jīng cháng jiāo liú xué xí jīng yàn。	We often exchange learning experiences.
交通	jiāo tōng	transportation	这个城市的交通很方便。	zhè ge chéng shì de jiāo tōng hěn fāng biàn。	Transportation in this city is very convenient.
京剧	jīng jù	Beijing opera	我想看一场京剧。	wǒ xiǎng kàn yị̀ chǎng jīng jù。	I want to watch a Beijing opera performance.
亲戚	qīn qi	a relative (i.e. family relation)	我有很多位亲戚住在北京。	wǒ yǒu hěn duō wèi qīn qi zhù zài běi jīng。	I have many relatives living in Beijing.
仍然	réng rán	still	他离开了十年，仍然不忘家乡。	tā lí kāi le shí nián， réng rán bụ́ wàng jiā xiāng。	He has been away for ten years, but still hasn't forgotten his hometown.
从来	cóng lái	always (usually used in negative)	他从来不迟到。	tā cóng lái bù chí dào。	He never arrives late (he always arrives on time).
仔细	zǐ xì	careful	做事要仔细，别出错。	zuò shì yào zǐ xì， bié chū cuò。	Be careful when doing things, don't make mistakes.
付款	fù kuǎn	to pay; to make a payment	你可以用手机付款。	nǐ kě yǐ yòng shǒu jī fù kuǎn。	You can pay with your phone.
以	yǐ	with; by means of	请以汉语回答这个问题。	qǐng yǐ hàn yǔ huí dá zhè ge wèn tí。	Please answer this question in Chinese.
以为	yǐ wéi	to think (mistakenly)	我以为你不来了。	wǒ yǐ wéi nǐ bù lái le。	I thought you weren't coming.
价格	jià gé	price	这件衣服的价格是多少？	zhè jiàn yī fu de jià gé shì duō shǎo？	What is the price of this piece of clothing?
任何	rèn hé	any	任何人都可以参加。	rèn hé rén dōu kě yǐ cān jiā。	Any person can participate.
任何	rèn hé	whatever	你有任何问题都可以问我。	nǐ yǒu rèn hé wèn tí dōu kě yǐ wèn wǒ。	You can ask me whatever questions you have.
任务	rèn wu	assignment	老师给我们出了一项任务。	lǎo shī gěi wǒ men chū le yị́ xiàng rèn wu。	The teacher gave us an assignment.
份	fèn	measure word for portions of a whole, copies of a document or publication, and gifts	请给我一份报纸。	qǐng gěi wǒ yị́ fèn bào zhǐ。	Please give me a copy of the newspaper.
优点	yōu diǎn	merit; strong point	诚实是他的一个优点。	chéng shí shì tā de yị́ gè yōu diǎn。	Honesty is one of his merits.
优秀	yōu xiù	excellent; outstanding	她的成绩非常优秀。	tā de chéng jì fēi cháng yōu xiù。	Her grades are excellent.
传真	chuán zhēn	fax	请给我发一份传真。	qǐng gěi wǒ fā yị́ fèn chuán zhēn。	Please send me a fax.
伤心	shāng xīn	sad	这个消息让我很伤心。	zhè ge xiāo xi ràng wǒ hěn shāng xīn。	This news makes me very sad.
估计	gū jì	to estimate	我估计他明天来。	wǒ gū jì tā míng tiān lái。	I estimate he will come tomorrow.
低	dī	low	这把椅子太低了。	zhè bǎ yǐ zi tài dī le。	This chair is too low.
作家	zuò jiā	author	他是一位有名的作家。	tā shì yị́ wèi yǒu míng de zuò jiā。	He is a famous author.
作用	zuò yòng	effect	这药对病有很好的作用。	zhè yào duì bìng yǒu hěn hǎo de zuò yòng。	This medicine has a very good effect on the illness.
作者	zuò zhě	author	这本书的作者是谁？	zhè běn shū de zuò zhě shì shuí？	Who is the author of this book?
使	shǐ	to cause	大风使树倒下了。	dà fēng shǐ shù dǎo xià le。	The strong wind caused the tree to fall.
使	shǐ	to enable	好方法使我们学得更快。	hǎo fāng fǎ shǐ wǒ men xué de gèng kuài。	Good methods enable us to learn faster.
使用	shǐ yòng	to use	你会使用这台电脑吗？	nǐ huì shǐ yòng zhè tái diàn nǎo ma？	Do you know how to use this computer?
例如	lì rú	for example	我喜欢很多运动，例如游泳和跑步。	wǒ xǐ huan hěn duō yùn dòng， lì rú yóu yǒng hé pǎo bù。	I like many sports, for example swimming and running.
保护	bǎo hù	to protect	我们要保护环境。	wǒ men yào bǎo hù huán jìng。	We need to protect the environment.
保证	bǎo zhèng	guarantee	我给你一个保证，明天一定来。	wǒ gěi nǐ yị́ gè bǎo zhèng， míng tiān yị́ dìng lái。	I give you a guarantee — I will definitely come tomorrow.
信封	xìn fēng	envelope	这个信封里有一封信。	zhè ge xìn fēng lǐ yǒu yị̀ fēng xìn。	There is a letter in this envelope.
信心	xìn xīn	confidence	他对自己很有信心。	tā duì zì jǐ hěn yǒu xìn xīn。	He has great confidence in himself.
信心	xìn xīn	faith	我对他有信心。	wǒ duì tā yǒu xìn xīn。	I have faith in him.
信息	xìn xī	information	网上有很多有用的信息。	wǎng shàng yǒu hěn duō yǒu yòng de xìn xī。	There is a lot of useful information online.
俩	liǎ	two (colloquial equivalent of 两个)	他们俩是好朋友。	tā men liǎ shì hǎo péng you。	The two of them are good friends.
修理	xiū lǐ	to repair	他把我的手表修理好了。	tā bǎ wǒ de shǒu biǎo xiū lǐ hǎo le。	He repaired my watch.
倍	bèi	(two, three, etc.) -fold	他的工资是我的两倍。	tā de gōng zī shì wǒ de liǎng bèi。	His salary is twice mine (twofold).
倒	dào	to back up	请把车倒过来。	qǐng bǎ chē dào guò lái。	Please back the car up.
倒	dào	to pour	他给我倒了一杯水。	tā gěi wǒ dào le yị̀ bēi shuǐ。	He poured me a glass of water.
倒	dǎo	to resell for a profit	他买低价票，倒给别人赚钱。	tā mǎi dī jià piào， dǎo gěi bié ren zhuàn qián。	He bought cheap tickets and resold them for a profit.
倒	dào	to the contrary	大家都说他错，他倒觉得自己对。	dà jiā dōu shuō tā cuò， tā dào jué de zì jǐ duì。	Everyone said he was wrong, but to the contrary, he felt he was right.
倒	dǎo	to topple	树被风吹倒了。	shù bèi fēng chuī dǎo le。	The tree was toppled by the wind.
倒	dào	upside down	画挂倒了。	huà guà dào le。	The painting is hanging upside down.
值得	zhí de	to be worth it	这次旅行非常值得。	zhè cì lǚ xíng fēi cháng zhí de。	This trip is very worth it.
假	jiǎ	fake	这个包是假的。	zhè ge bāo shì jiǎ de。	This bag is fake.
假	jià	vacation	我下个月要请假。	wǒ xià gè yuè yào qǐng jià。	I'm going to take a vacation next month.
停	tíng	to stop	雨停了，太阳出来了。	yǔ tíng le， tài yang chū lái le。	The rain stopped and the sun came out.
偶尔	ǒu ěr	occasionally	他偶尔去看电影。	tā ǒu ěr qù kàn diàn yǐng。	He occasionally goes to see a movie.
偶尔	ǒu ěr	once in a while	他偶尔会迟到。	tā ǒu ěr huì chí dào。	He is late once in a while.
儿童	ér tóng	children	这个公园是为儿童做的。	zhè ge gōng yuán shì wèi ér tóng zuò de。	This park is made for children.
允许	yǔn xǔ	to permit	老师不允许我们迟到。	lǎo shī bù yǔn xǔ wǒ men chí dào。	The teacher does not permit us to be late.
光	guāng	light	一道光从窗外照进来。	yị́ dào guāng cóng chuāng wài zhào jìn lái。	A ray of light shone in from outside the window.
光	guāng	to use up (e.g. 他的钱花光了。All his money has been spent.)	他的零花钱花光了。	tā de líng huā qián huā guāng le。	He used up all his pocket money.
免费	miǎn fèi	free (of charge)	今天进场免费。	jīn tiān jìn chǎng miǎn fèi。	Entry is free of charge today.
入口	rù kǒu	entrance	学校的入口在哪里？	xué xiào de rù kǒu zài nǎ li？	Where is the school's entrance?
全部	quán bù	whole	全部工作都做完了。	quán bù gōng zuò dōu zuò wán le。	The whole of the work is finished.
公里	gōng lǐ	kilometer	学校离家五公里。	xué xiào lí jiā wǔ gōng lǐ。	The school is five kilometers from home.
共同	gòng tóng	common	我们有共同的爱好。	wǒ men yǒu gòng tóng de ài hào。	We have common interests.
共同	gòng tóng	joint	这是我们的共同决定。	zhè shì wǒ men de gòng tóng jué dìng。	This is our joint decision.
关键	guān jiàn	critical	质量是最关键的问题。	zhì liàng shì zuì guān jiàn de wèn tí。	Quality is the most critical issue.
兴奋	xīng fèn	to excite	好消息让她很兴奋。	hǎo xiāo xi ràng tā hěn xīng fèn。	The good news excited her.
其中	qí zhōng	among	这些学生其中有三个是外国人。	zhè xiē xué sheng qí zhōng yǒu sān gè shì wài guó rén。	Among these students, three of them are foreigners.
其次	qí cì	next	先做作业，其次再玩。	xiān zuò zuò yè， qí cì zài wán。	First do homework; next, then play.
其次	qí cì	secondly	首先要努力，其次要放松。	shǒu xiān yào nǔ lì， qí cì yào fàng sōng。	First you must work hard; secondly, you must relax.
养成	yǎng chéng	to cultivate	他从小养成了早起的习惯。	tā cóng xiǎo yǎng chéng le zǎo qǐ de xí guàn。	He cultivated the habit of getting up early since childhood.
内	nèi	inside	他在房子内等着。	tā zài fáng zi nèi děng zhe。	He is waiting inside the house.
内容	nèi róng	content	这篇文章的内容很好。	zhè piān wén zhāng de nèi róng hěn hǎo。	The content of this article is very good.
内容	nèi róng	substance	这本书没有多少内容。	zhè běn shū méi yǒu duō shǎo nèi róng。	This book doesn't have much substance.
冷静	lěng jìng	calm; cool-headed	遇到问题要冷静。	yù dào wèn tí yào lěng jìng。	Stay calm when you face a problem.
准时	zhǔn shí	on time; punctual	他每天都准时上班。	tā měi tiān dōu zhǔn shí shàng bān。	He goes to work on time every day.
准确	zhǔn què	accurate; precise	她的回答很准确。	tā de huí dá hěn zhǔn què。	Her answer is very accurate.
凉快	liáng kuai	cool; pleasantly cool	今天的天气很凉快。	jīn tiān de tiān qì hěn liáng kuai。	The weather today is pleasantly cool.
减少	jiǎn shǎo	to reduce	我们要减少用水量。	wǒ men yào jiǎn shǎo yòng shuǐ liàng。	We need to reduce water usage.
减肥	jiǎn féi	to lose weight	她为了减肥每天运动。	tā wèi le jiǎn féi měi tiān yùn dòng。	She exercises every day to lose weight.
出发	chū fā	to set out; to depart	我们明天早上六点出发。	wǒ men míng tiān zǎo shang liù diǎn chū fā。	We set out tomorrow morning at six.
出差	chū chāi	to go on an official or business trip	他这周要出差去上海。	tā zhè zhōu yào chū chāi qù shàng hǎi。	He is going on a business trip to Shanghai this week.
出现	chū xiàn	to appear; to emerge	太阳出现了。	tài yang chū xiàn le。	The sun appeared.
出生	chū shēng	to be born	我出生在北京。	wǒ chū shēng zài běi jīng。	I was born in Beijing.
刀	dāo	knife	我买了一把新刀。	wǒ mǎi le yị̀ bǎ xīn dāo。	I bought a new knife.
刚	gāng	just (now)	他刚到家。	tā gāng dào jiā。	He just got home.
判断	pàn duàn	to determine	你能判断谁说的是真话吗？	nǐ néng pàn duàn shuí shuō de shì zhēn huà ma？	Can you determine who is telling the truth?
到处	dào chù	everywhere	我到处都找不到我的钥匙。	wǒ dào chù dōu zhǎo bụ́ dào wǒ de yào shi。	I can't find my keys anywhere.
到底	dào dǐ	finally	他到底找到了答案。	tā dào dǐ zhǎo dào le dá àn。	He finally found the answer.
到底	dào dǐ	in the end	到底谁是对的？	dào dǐ shuí shì duì de？	In the end, who is right?
剩	shèng	to be left over	昨天的菜还剩了一些。	zuó tiān de cài hái shèng le yị̀ xiē。	Some of yesterday's dishes were left over.
剩	shèng	to remain	饭剩了一些，明天再吃。	fàn shèng le yị̀ xiē， míng tiān zài chī。	Some food remains; we'll eat it tomorrow.
力气	lì qi	strength	他出了一把力气搬桌子。	tā chū le yị̀ bǎ lì qi bān zhuō zi。	He put a burst of strength into moving the table.
功夫	gōng fu	effort	学好汉字要花功夫。	xué hǎo hàn zì yào huā gōng fu。	Learning Chinese characters well takes effort.
功夫	gōng fu	kung fu	他从小学功夫。	tā cóng xiǎo xué gōng fu。	He has studied kung fu since childhood.
功夫	gōng fu	time	我没有功夫去逛街。	wǒ méi yǒu gōng fu qù guàng jiē。	I don't have time to go shopping.
加油站	jiā yóu zhàn	gas station	前面有一个加油站。	qián miàn yǒu yị́ gè jiā yóu zhàn。	There is a gas station up ahead.
加班	jiā bān	to work overtime	他昨晚加班到很晚。	tā zuó wǎn jiā bān dào hěn wǎn。	He worked overtime until very late last night.
动作	dòng zuò	action	他做了一个很快的动作。	tā zuò le yị́ gè hěn kuài de dòng zuò。	He made a very quick action.
动作	dòng zuò	movement	这个动作很漂亮。	zhè ge dòng zuò hěn piào liang。	This movement is very beautiful.
勇敢	yǒng gǎn	brave; courageous	他是一个勇敢的人。	tā shì yị́ gè yǒng gǎn de rén。	He is a brave person.
勺子	sháo zi	spoon	请给我一把勺子。	qǐng gěi wǒ yị̀ bǎ sháo zi。	Please give me a spoon.
包子	bāo zi	baozi; steamed bun	早饭我吃了两个包子。	zǎo fàn wǒ chī le liǎng ge bāo zi。	I ate two baozi for breakfast.
区别	qū bié	to differentiate	你能区别这两个词吗？	nǐ néng qū bié zhè liǎng gè cí ma？	Can you differentiate these two words?
十分	shí fēn	very; extremely	我十分同意你的看法。	wǒ shí fēn tóng yì nǐ de kàn fǎ。	I very much agree with your view.
十分	shí fēn	very	他十分高兴。	tā shí fēn gāo xìng。	He is very happy.
千万	qiān wàn	to be sure to	你千万别忘了带钥匙。	nǐ qiān wàn bié wàng le dài yào shi。	Be sure to not forget to bring your keys.
博士	bó shì	Ph.D.	他是一位博士，研究历史。	tā shì yị́ wèi bó shì， yán jiū lì shǐ。	He is a doctor (Ph.D.) who studies history.
占线	zhàn xiàn	line is busy (telephone)	我打了几次电话，都占线。	wǒ dǎ le jǐ cì diàn huà， dōu zhàn xiàn。	I called several times, and the line was busy every time.
卫生间	wèi shēng jiān	bathroom; restroom	卫生间在二楼。	wèi shēng jiān zài èr lóu。	The bathroom is on the second floor.
印象	yìn xiàng	impression	她给我留下了好印象。	tā gěi wǒ liú xià le hǎo yìn xiàng。	She left a good impression on me.
危险	wēi xiǎn	danger	这里有危险，请小心。	zhè lǐ yǒu wēi xiǎn， qǐng xiǎo xīn。	There is danger here, please be careful.
即使	jí shǐ	even if	即使很累他也坚持。	jí shǐ hěn lèi tā yě jiān chí。	Even if he is very tired, he still perseveres.
却	què	but	他很努力，却没有成功。	tā hěn nǔ lì， què méi yǒu chéng gōng。	He worked very hard, but didn't succeed.
厉害	lì hai	awesome	哇，你太厉害了！	wa， nǐ tài lì hai le！	Wow, you're so awesome!
厉害	lì hai	fierce	那只大狗看起来很厉害。	nà zhī dà gǒu kàn qǐ lai hěn lì hai。	That big dog looks fierce.
厉害	lì hai	formidable	这只狗很厉害，别走近。	zhè zhī gǒu hěn lì hai， bié zǒu jìn。	This dog is formidable — don't get close.
压力	yā lì	pressure	工作压力很大。	gōng zuò yā lì hěn dà。	Work pressure is very high.
厕所	cè suǒ	toilet	厕所在哪里？	cè suǒ zài nǎ li？	Where is the toilet?
厚	hòu	thick	这本书很厚。	zhè běn shū hěn hòu。	This book is very thick.
原因	yuán yīn	cause; reason	失败的原因是什么？	shī bài de yuán yīn shì shén me？	What is the cause of the failure?
原来	yuán lái	actually (indicates discovery of the truth)	原来是你打的电话！	yuán lái shì nǐ dǎ de diàn huà！	It was actually you who called!
原来	yuán lái	as it turns out	原来他住在这里！	yuán lái tā zhù zài zhè lǐ！	As it turns out, he lives here!
原来	yuán lái	former	他回到了原来的公司。	tā huí dào le yuán lái de gōng sī。	He returned to his former company.
原来	yuán lái	original	这是原来的计划。	zhè shì yuán lái de jì huà。	This is the original plan.
原谅	yuán liàng	to excuse; to forgive; to pardon	请原谅我的错误。	qǐng yuán liàng wǒ de cuò wù。	Please excuse my mistake.
厨房	chú fáng	kitchen	厨房在哪里？	chú fáng zài nǎ li？	Where is the kitchen?
参观	cān guān	to tour	我们参观了整个校园。	wǒ men cān guān le zhěng gè xiào yuán。	We toured the entire campus.
参观	cān guān	to visit	我们去参观了一个大工厂。	wǒ men qù cān guān le yị́ gè dà gōng chǎng。	We visited a large factory.
及时	jí shí	promptly; timely; without delay	有问题要及时解决。	yǒu wèn tí yào jí shí jiě jué。	Problems should be solved promptly.
友好	yǒu hǎo	friendly	他对我很友好。	tā duì wǒ hěn yǒu hǎo。	He is very friendly to me.
友谊	yǒu yì	friendship	我们的友谊很深。	wǒ men de yǒu yì hěn shēn。	Our friendship is very deep.
反对	fǎn duì	to oppose	他们反对不好的规定。	tā men fǎn duì bù hǎo de guī dìng。	They oppose the bad rules.
发展	fā zhǎn	to develop	这个城市发展得很快。	zhè ge chéng shì fā zhǎn de hěn kuài。	This city is developing very fast.
发生	fā shēng	to happen; to occur	昨天发生了一件大事。	zuó tiān fā shēng le yị́ jiàn dà shì。	Something big happened yesterday.
取	qǔ	to collect	去前台取快递。	qù qián tái qǔ kuài dì。	Go to the front desk to collect the express delivery.
取	qǔ	to fetch	我去取我的东西。	wǒ qù qǔ wǒ de dōng xi。	I'm going to fetch my things.
受不了	shòu bù liǎo	can't stand	这么热，我真受不了。	zhè me rè， wǒ zhēn shòu bu liǎo。	It's so hot; I really can't stand it.
受不了	shòu bù liǎo	to be unable to endure	这种痛我受不了。	zhè zhǒng tòng wǒ shòu bu liǎo。	I am unable to endure this kind of pain.
受到	shòu dào	to receive; to be subjected to	他受到了老师的表扬。	tā shòu dào le lǎo shī de biǎo yáng。	He received praise from the teacher.
另外	lìng wài	other; in addition	另外两个同学没来。	lìng wài liǎng gè tóng xué méi lái。	The other two classmates didn't come.
只好	zhǐ hǎo	to have to	太晚了，我只好走了。	tài wǎn le， wǒ zhǐ hǎo zǒu le。	It was too late, so I had to leave.
只好	zhǐ hǎo	without any better option	没有车，他只好走路去。	méi yǒu chē， tā zhǐ hǎo zǒu lù qù。	Without any better option, he had to walk there.
只要	zhǐ yào	as long as	只要你努力，就一定能成功。	zhǐ yào nǐ nǔ lì， jiù yị́ dìng néng chéng gōng。	As long as you work hard, you will definitely succeed.
可怜	kě lián	pitiful; pitiable	这只小狗真可怜。	zhè zhī xiǎo gǒu zhēn kě lián。	This puppy is really pitiful.
可惜	kě xī	what a pity	可惜他没来参加。	kě xī tā méi lái cān jiā。	What a pity he didn't come to participate.
可是	kě shì	but; however	我想去，可是没有时间。	wǒ xiǎng qù， kě shì méi yǒu shí jiān。	I want to go, but I don't have time.
台	tái	measure word for machines	办公室里有两台电脑。	bàn gōng shì lǐ yǒu liǎng tái diàn nǎo。	There are two computers in the office.
台	tái	platform	他站在台上说话。	tā zhàn zài tái shàng shuō huà。	He stood on the platform to speak.
叶子	yè zi	leaf	地上有一片叶子。	dì shàng yǒu yị́ piàn yè zi。	There is a leaf on the ground.
号码	hào mǎ	number	你的电话号码是多少？	nǐ de diàn huà hào mǎ shì duō shǎo？	What is your phone number?
吃惊	chī jīng	to be shocked	这个消息让大家都吃惊。	zhè ge xiāo xi ràng dà jiā dōu chī jīng。	This news shocked everyone.
吃惊	chī jīng	startled	猫突然跳出来，我很吃惊。	māo tū rán tiào chū lái， wǒ hěn chī jīng。	The cat suddenly jumped out and I was startled.
各	gè	each	各位学生请注意。	gè wèi xué sheng qǐng zhù yì。	Each student, please pay attention.
合格	hé gé	qualified	他通过了考试，是合格的老师。	tā tōng guò le kǎo shì， shì hé gé de lǎo shī。	He passed the exam and is a qualified teacher.
合格	hé gé	up to standard	这件东西不合格，要退回去。	zhè jiàn dōng xi bù hé gé， yào tuì huí qu。	This item is not up to standard and must be returned.
合适	hé shì	suitable; fitting	这件衣服很合适。	zhè jiàn yī fu hěn hé shì。	This piece of clothing is very suitable.
同情	tóng qíng	to sympathize with	我们都很同情那个孩子。	wǒ men dōu hěn tóng qíng nà ge hái zi。	We all really sympathize with that child.
同时	tóng shí	simultaneously	他们同时来到了学校。	tā men tóng shí lái dào le xué xiào。	They arrived at school simultaneously.
后悔	hòu huǐ	to regret	他后悔没有认真学习。	tā hòu huǐ méi yǒu rèn zhēn xué xí。	He regrets not having studied hard.
否则	fǒu zé	or else; otherwise	现在出发，否则赶不上车。	xiàn zài chū fā， fǒu zé gǎn bu shàng chē。	Leave now, or else you won't catch the bus.
吸引	xī yǐn	to attract (interest, investment, etc.)	这部电影吸引了很多观众。	zhè bù diàn yǐng xī yǐn le hěn duō guān zhòng。	This movie attracted many viewers.
呀	ya	(modal particle)	你怎么不说话呀？	nǐ zěn me bù shuō huà ya？	Why aren't you saying anything?
周围	zhōu wéi	surroundings	学校周围很安静。	xué xiào zhōu wéi hěn ān jìng。	The surroundings of the school are very quiet.
味道	wèi dao	flavor	这道菜味道很好。	zhè dào cài wèi dao hěn hǎo。	This dish has a great flavor.
味道	wèi dao	smell	这里有一股奇怪的味道。	zhè lǐ yǒu yị̀ gǔ qí guài de wèi dao。	There is a strange smell here.
咱们	zán men	we (you and I)	咱们一起去吃饭吧。	zán men yị̀ qǐ qù chī fàn ba。	Let's go eat together.
咳嗽	ké sou	to cough	他感冒了，一直咳嗽。	tā gǎn mào le， yị̀ zhí ké sou。	He has a cold and keeps coughing.
咸	xián	salty	这个汤太咸了。	zhè ge tāng tài xián le。	This soup is too salty.
响	xiǎng	noisy	这个地方太响了，说话听不见。	zhè ge dì fāng tài xiǎng le， shuō huà tīng bu jiàn。	This place is too noisy, you can't hear people talking.
响	xiǎng	to make a sound	手机突然响了。	shǒu jī tū rán xiǎng le。	The phone suddenly made a sound.
售货员	shòu huò yuán	shop assistant; salesperson	那个售货员很热情。	nà ge shòu huò yuán hěn rè qíng。	That salesperson is very enthusiastic.
商量	shāng liang	to discuss	他们在商量明天的安排。	tā men zài shāng liang míng tiān de ān pái。	They are discussing tomorrow's arrangements.
商量	shāng liang	to talk over	我们来商量一下这个计划。	wǒ men lái shāng liang yị́ xià zhè ge jì huà。	Let's talk over this plan.
回忆	huí yì	(human) memories	那是一个美好的回忆。	nà shì yị́ gè měi hǎo de huí yì。	That is a beautiful memory.
因此	yīn cǐ	consequently	他迟到了，因此被批评。	tā chí dào le， yīn cǐ bèi pī píng。	He was late; consequently he was criticized.
因此	yīn cǐ	thus	他很努力，因此成功了。	tā hěn nǔ lì， yīn cǐ chéng gōng le。	He worked hard; thus he succeeded.
困	kùn	sleepy	我好困，想睡觉。	wǒ hǎo kùn， xiǎng shuì jiào。	I'm so sleepy, I want to sleep.
困	kùn	to trap	大水困住了村子。	dà shuǐ kùn zhù le cūn zi。	The flood trapped the village.
困难	kùn nan	challenging; difficult	游泳对他来说是一件困难的事。	yóu yǒng duì tā lái shuō shì yị́ jiàn kùn nan de shì。	Swimming is a challenging thing for him.
国籍	guó jí	nationality	请问你的国籍是什么？	qǐng wèn nǐ de guó jí shì shén me？	May I ask what your nationality is?
国际	guó jì	international	这是一个国际会议。	zhè shì yị́ gè guó jì huì yì。	This is an international conference.
地址	dì zhǐ	address	请告诉我你的地址。	qǐng gào su wǒ nǐ de dì zhǐ。	Please tell me your address.
地点	dì diǎn	location; place	我们见面的地点是咖啡店。	wǒ men jiàn miàn de dì diǎn shì kā fēi diàn。	The place we are meeting is the coffee shop.
地球	dì qiú	the earth	地球只有一个。	dì qiú zhǐ yǒu yị́ gè。	There is only one Earth.
场	chǎng	measure word for occurrences of an activity	他们昨天打了一场比赛。	tā men zuó tiān dǎ le yị̀ chǎng bǐ sài。	They played one match yesterday.
场	cháng	measure word for periods (e.g. 一场大雨 a spell of heavy rain)	昨晚下了一场大雨。	zuó wǎn xià le yị̀ cháng dà yǔ。	There was a spell of heavy rain last night.
场	chǎng	place used for a specific purpose (e.g. 考场 testing center)	考场里不能用手机。	kǎo chǎng lǐ bù néng yòng shǒu jī。	Mobile phones cannot be used in the testing center.
坚持	jiān chí	to persist; to insist on	他坚持每天跑步。	tā jiān chí měi tiān pǎo bù。	He insists on running every day.
垃圾桶	lā jī tǒng	trash can	请把垃圾扔到垃圾桶里。	qǐng bǎ lā jī rēng dào lā jī tǒng lǐ。	Please throw the trash in the trash can.
基础	jī chǔ	base; foundation	这座楼的基础很好。	zhè zuò lóu de jī chǔ hěn hǎo。	The base of this building is very good.
堵车	dǔ chē	traffic jam; traffic congestion	下午堵车了，我迟到了。	xià wǔ dǔ chē le， wǒ chí dào le。	There was a traffic jam in the afternoon and I was late.
塑料袋	sù liào dài	plastic bag	我用塑料袋装水果。	wǒ yòng sù liào dài zhuāng shuǐ guǒ。	I use a plastic bag to hold the fruit.
填空	tián kòng	to fill in the blank	请填空回答下面的问题。	qǐng tián kòng huí dá xià miàn de wèn tí。	Please fill in the blanks to answer the questions below.
增加	zēng jiā	to increase; to raise	学生人数增加了。	xué sheng rén shù zēng jiā le。	The number of students increased.
复印	fù yìn	to photocopy	请帮我复印这份文件。	qǐng bāng wǒ fù yìn zhè fèn wén jiàn。	Please help me photocopy this document.
复杂	fù zá	complicated	这个问题很复杂。	zhè ge wèn tí hěn fù zá。	This problem is very complicated.
够	gòu	to be enough	钱不够，我不能买。	qián bụ́ gòu， wǒ bù néng mǎi。	There isn't enough money; I can't buy it.
大使馆	dà shǐ guǎn	embassy	我去大使馆办签证。	wǒ qù dà shǐ guǎn bàn qiān zhèng。	I'm going to the embassy to get a visa.
大夫	dài fu	physician	这位大夫很有经验。	zhè wèi dài fu hěn yǒu jīng yàn。	This physician is very experienced.
大概	dà gài	approximately; probably	他大概十点到。	tā dà gài shí diǎn dào。	He'll probably arrive at ten.
大约	dà yuē	approximately	他大约三点到家。	tā dà yuē sān diǎn dào jiā。	He will arrive home at approximately three o'clock.
失望	shī wàng	to be disappointed; to despair	他对结果很失望。	tā duì jié guǒ hěn shī wàng。	He was very disappointed with the result.
失败	shī bài	to be defeated; to fail	他们队在比赛中失败了。	tā men duì zài bǐ sài zhōng shī bài le。	Their team was defeated in the competition.
奖金	jiǎng jīn	award money	他得到了比赛的奖金。	tā dé dào le bǐ sài de jiǎng jīn。	He received the award money from the competition.
奖金	jiǎng jīn	bonus	他每年都能拿到奖金。	tā měi nián dōu néng ná dào jiǎng jīn。	He receives a bonus every year.
好像	hǎo xiàng	to seem; to be like	他好像生病了。	tā hǎo xiàng shēng bìng le。	He seems to be sick.
好处	hǎo chu	advantage; benefit	住在学校附近有很大的好处。	zhù zài xué xiào fù jìn yǒu hěn dà de hǎo chu。	Living near school has a big advantage.
存	cún	to store	我把钱存在银行里。	wǒ bǎ qián cún zài yín háng lǐ。	I stored my money in the bank.
孙子	sūn zi	grandson	奶奶最喜欢她的孙子。	nǎi nai zuì xǐ huan tā de sūn zi。	Grandma loves her grandson the most.
孙子	sūn zi	son's son	他的孙子是他儿子的儿子。	tā de sūn zi shì tā ér zi de ér zi。	His grandson is his son's son.
学期	xué qī	semester; term	这学期我学了很多东西。	zhè xué qī wǒ xué le hěn duō dōng xi。	I learned a lot this semester.
安全	ān quán	safe; safety	请注意路上的安全。	qǐng zhù yì lù shang de ān quán。	Please pay attention to safety on the road.
安排	ān pái	to arrange	老师安排了新的座位。	lǎo shī ān pái le xīn de zuò wèi。	The teacher arranged new seating.
安排	ān pái	to plan	我们需要安排好这次旅行。	wǒ men xū yào ān pái hǎo zhè cì lǚ xíng。	We need to plan this trip well.
完全	wán quán	completely	我完全同意你的看法。	wǒ wán quán tóng yì nǐ de kàn fǎ。	I completely agree with your view.
实在	shí zài	honest; true	他是一个实在的人。	tā shì yị́ gè shí zài de rén。	He is an honest person.
实际	shí jì	reality	你的计划和实际不一样。	nǐ de jì huà hé shí jì bù yị́ yàng。	Your plan doesn't match reality.
客厅	kè tīng	living room	客人坐在客厅里。	kè rén zuò zài kè tīng lǐ。	The guest sits in the living room.
害羞	hài xiū	bashful; shy	她太害羞，脸红了。	tā tài hài xiū， liǎn hóng le。	She was so bashful that her face turned red.
家具	jiā jù	furniture	他们买了两件新家具。	tā men mǎi le liǎng jiàn xīn jiā jù。	They bought two new pieces of furniture.
寄	jì	to entrust	他把孩子寄给了父母。	tā bǎ hái zi jì gěi le fù mǔ。	He entrusted his child to his parents.
寄	jì	to mail	我给朋友寄了一封信。	wǒ gěi péng you jì le yị̀ fēng xìn。	I mailed a letter to my friend.
密码	mì mǎ	code	他们用密码联系。	tā men yòng mì mǎ lián xì。	They communicate using a code.
密码	mì mǎ	password	请写上你的密码。	qǐng xiě shàng nǐ de mì mǎ。	Please enter your password.
富	fù	rich; wealthy	他家很富。	tā jiā hěn fù。	His family is wealthy.
寒假	hán jià	winter vacation	寒假我回家了。	hán jià wǒ huí jiā le。	I went home during winter vacation.
对于	duì yú	regarding	对于这个问题，我有不同的看法。	duì yú zhè ge wèn tí， wǒ yǒu bù tóng de kàn fǎ。	Regarding this question, I have a different opinion.
对话	duì huà	dialogue; conversation	我们的对话很有意思。	wǒ men de duì huà hěn yǒu yì si。	Our conversation is very interesting.
对面	duì miàn	(sitting) opposite	他坐在我对面。	tā zuò zài wǒ duì miàn。	He is sitting opposite me.
导游	dǎo yóu	tour guide	导游带我们参观了长城。	dǎo yóu dài wǒ men cān guān le cháng chéng。	The tour guide took us to visit the Great Wall.
将来	jiāng lái	future	你将来想做什么工作？	nǐ jiāng lái xiǎng zuò shén me gōng zuò？	What kind of work do you want to do in the future?
尊重	zūn zhòng	to respect	我们要尊重老人。	wǒ men yào zūn zhòng lǎo rén。	We should respect the elderly.
小伙子	xiǎo huǒ zi	lad; young man	这个小伙子很聪明。	zhè ge xiǎo huǒ zi hěn cōng ming。	This lad is very smart.
小吃	xiǎo chī	refreshments; snack	会议上准备了小吃和饮料。	huì yì shàng zhǔn bèi le xiǎo chī hé yǐn liào。	Refreshments and drinks were prepared for the meeting.
小说	xiǎo shuō	novel	我正在看一本小说。	wǒ zhèng zài kàn yị̀ běn xiǎo shuō。	I am reading a novel.
尝	cháng	to taste	你尝一下这个菜。	nǐ cháng yị́ xià zhè ge cài。	Taste this dish.
尤其	yóu qí	especially	我喜欢水果，尤其是苹果。	wǒ xǐ huan shuǐ guǒ， yóu qí shì píng guǒ。	I like fruit, especially apples.
尽管	jǐn guǎn	even though	尽管下雨，他还是去跑步了。	jǐn guǎn xià yǔ， tā hái shi qù pǎo bù le。	Even though it was raining, he still went running.
尽管	jǐn guǎn	to feel free to	有问题尽管问我。	yǒu wèn tí jǐn guǎn wèn wǒ。	Feel free to ask me if you have questions.
工资	gōng zī	pay; wages	他这个月的工资还没拿到。	tā zhè ge yuè de gōng zī hái méi ná dào。	He hasn't received this month's pay yet.
左右	zuǒ yòu	left and right	他往左右看了看。	tā wǎng zuǒ yòu kàn le kàn。	He looked to the left and right.
左右	zuǒ yòu	to control	他很难左右这件事。	tā hěn nán zuǒ yòu zhè jiàn shì。	It is hard for him to control this matter.
左右	zuǒ yòu	to influence	广告会左右人的选择。	guǎng gào huì zuǒ yòu rén de xuǎn zé。	Advertisements can influence people's choices.
巧克力	qiǎo kè lì	chocolate	她买了一块巧克力。	tā mǎi le yị́ kuài qiǎo kè lì。	She bought a piece of chocolate.
差不多	chà bu duō	almost; nearly	我们差不多到了。	wǒ men chà bu duō dào le。	We're almost there.
帅	shuài	handsome	那个男生很帅。	nà ge nán shēng hěn shuài。	That young man is very handsome.
师傅	shī fu	respectful form of address for a skilled worker	我叫了一位师傅来修电脑。	wǒ jiào le yị́ wèi shī fu lái xiū diàn nǎo。	I called a skilled worker to fix the computer.
干	gàn	to do; to work	你在干什么？	nǐ zài gàn shén me？	What are you doing?
干杯	gān bēi	Bottoms up!	大家举杯，干杯！	dà jiā jǔ bēi， gān bēi！	Everyone raise your glasses — bottoms up!
平时	píng shí	usually; ordinarily	我平时不喝咖啡。	wǒ píng shí bù hē kā fēi。	I usually don't drink coffee.
年龄	nián líng	(a person's) age	请问您的年龄是多少？	qǐng wèn nín de nián líng shì duō shǎo？	May I ask your age?
并且	bìng qiě	furthermore	这件事不简单，并且很重要。	zhè jiàn shì bù jiǎn dān， bìng qiě hěn zhòng yào。	This matter is not simple; besides, it is very important.
并且	bìng qiě	moreover	他工作努力，并且很有责任心。	tā gōng zuò nǔ lì， bìng qiě hěn yǒu zé rèn xīn。	He works hard; moreover, he is very responsible.
幸福	xìng fú	blessed; happy	他是个幸福的人。	tā shì gè xìng fú de rén。	He is a blessed person.
幽默	yōu mò	humor	他很有幽默感。	tā hěn yǒu yōu mò gǎn。	He has a great sense of humor.
广告	guǎng gào	advertisement	电视上有很多广告。	diàn shì shàng yǒu hěn duō guǎng gào。	There are many advertisements on TV.
广播	guǎng bō	to broadcast	广播里在说天气。	guǎng bō lǐ zài shuō tiān qì。	The broadcast is reporting the weather.
应聘	yìng pìn	to apply for a job (in response to recruitment)	他应聘了那份工作。	tā yìng pìn le nà fèn gōng zuò。	He applied for that job.
底	dǐ	bottom	海底有很多鱼。	hǎi dǐ yǒu hěn duō yú。	There are many fish at the bottom of the sea.
底	dǐ	end (of the month, year, etc.)	我们年底开一次会。	wǒ men nián dǐ kāi yị́ cì huì。	We hold a meeting at the end of the year.
底	dǐ	remnants	冰箱里只剩了一点底。	bīng xiāng lǐ zhǐ shèng le yị̀ diǎn dǐ。	There are only a few remnants left in the fridge.
座	zuò	measure word for buildings, mountains and similar large immovable objects	前面有一座大山。	qián miàn yǒu yị́ zuò dà shān。	There is a large mountain ahead.
座	zuò	seat	请坐到你的座上。	qǐng zuò dào nǐ de zuò shàng。	Please sit in your seat.
座位	zuò wèi	seat	请坐到你的座位上。	qǐng zuò dào nǐ de zuò wèi shàng。	Please sit in your seat.
建议	jiàn yì	to propose; to recommend	他建议我们换一个方法。	tā jiàn yì wǒ men huàn yị́ gè fāng fǎ。	He proposed that we switch to a different method.
开心	kāi xīn	happy; cheerful	收到礼物我很开心。	shōu dào lǐ wù wǒ hěn kāi xīn。	I'm very happy to receive a gift.
开玩笑	kāi wán xiào	to joke	他喜欢开玩笑。	tā xǐ huan kāi wán xiào。	He likes to joke.
弄	lòng	alley	他从弄里走出来。	tā cóng lòng lǐ zǒu chū lái。	He walked out of the alley.
弄	lòng	lane	他们住在一条弄里。	tā men zhù zài yị̀ tiáo lòng lǐ。	They live in a lane.
弄	nòng	to play with	孩子在弄小球。	hái zi zài nòng xiǎo qiú。	The child is playing with a small ball.
引起	yǐn qǐ	to give rise to	这件事引起了很多问题。	zhè jiàn shì yǐn qǐ le hěn duō wèn tí。	This matter gave rise to many problems.
弹钢琴	tán gāng qín	to play the piano	她每天弹钢琴。	tā měi tiān tán gāng qín。	She plays the piano every day.
当	dāng	at (a time)	当我到的时候，他已经走了。	dāng wǒ dào de shí hou， tā yǐ jīng zǒu le。	When I arrived, he had already left.
当	dāng	in the presence of	他当着大家的面说了这话。	tā dāng zhe dà jiā de miàn shuō le zhè huà。	He said this in the presence of everyone.
当	dāng	that very same (night, year, village, etc.)	当天的事情就解决了。	dāng tiān de shì qing jiù jiě jué le。	The matter was resolved that very same day.
当	dāng	to regard as	他把我当朋友。	tā bǎ wǒ dāng péng you。	He regards me as a friend.
当	dāng	to serve as	他当了班长。	tā dāng le bān zhǎng。	He served as class monitor.
当	dāng	to take for	他当我是外国人了。	tā dāng wǒ shì wài guó rén le。	He took me for a foreigner.
当	dāng	to work as	他在学校当老师。	tā zài xué xiào dāng lǎo shī。	He works as a teacher at school.
当时	dāng shí	at that time; then	当时我们住在北京。	dāng shí wǒ men zhù zài běi jīng。	At that time, we lived in Beijing.
往往	wǎng wǎng	frequently; often	他开会时往往迟到。	tā kāi huì shí wǎng wǎng chí dào。	He frequently arrives late to meetings.
律师	lǜ shī	lawyer	他是一名律师。	tā shì yị̀ míng lǜ shī。	He is a lawyer.
得（助动词）	děi	must; have to	你得多休息。	nǐ děi duō xiū xi。	You have to rest more.
得意	dé yì	to be proud of oneself	他考了第一名，非常得意。	tā kǎo le dì yī míng， fēi cháng dé yì。	He came first in the exam and was very proud of himself.
心情	xīn qíng	mood	今天的心情很好。	jīn tiān de xīn qíng hěn hǎo。	My mood is very good today.
怀疑	huái yí	to doubt; to suspect	我怀疑这件事是真的。	wǒ huái yí zhè jiàn shì shì zhēn de。	I doubt that this thing is true.
态度	tài du	attitude	他对工作的态度很认真。	tā duì gōng zuò de tài du hěn rèn zhēn。	His attitude toward work is very serious.
性别	xìng bié	gender	请填写你的性别。	qǐng tián xiě nǐ de xìng bié。	Please fill in your gender.
性格	xìng gé	temperament	她的性格很好，大家都喜欢她。	tā de xìng gé hěn hǎo， dà jiā dōu xǐ huan tā。	Her temperament is very good; everyone likes her.
总结	zǒng jié	to sum up; to summarize	开会后，他写了一个总结。	kāi huì hòu， tā xiě le yị́ gè zǒng jié。	After the meeting, he wrote a summary.
恐怕	kǒng pà	I'm afraid that; probably	我恐怕他不会来了。	wǒ kǒng pà tā bụ́ huì lái le。	I fear he won't come.
情况	qíng kuàng	situation	现在的情况很复杂。	xiàn zài de qíng kuàng hěn fù zá。	The current situation is very complicated.
愉快	yú kuài	happy	我今天很愉快。	wǒ jīn tiān hěn yú kuài。	I am very happy today.
意见	yì jiàn	opinion; view	你对这件事有什么意见？	nǐ duì zhè jiàn shì yǒu shén me yì jiàn？	What is your opinion on this matter?
感动	gǎn dòng	to move somebody emotionally	这个故事让我很感动。	zhè ge gù shì ràng wǒ hěn gǎn dòng。	This story moved me emotionally.
感情	gǎn qíng	emotion; feelings	他有一种复杂的感情。	tā yǒu yị̀ zhǒng fù zá de gǎn qíng。	He has a complicated emotion.
感觉	gǎn jué	to feel	我感觉今天很冷。	wǒ gǎn jué jīn tiān hěn lěng。	I feel it is very cold today.
感谢	gǎn xiè	to express gratitude	我想感谢你的帮助。	wǒ xiǎng gǎn xiè nǐ de bāng zhù。	I want to express my gratitude for your help.
懒	lǎn	lazy	他太懒了，不想起床。	tā tài lǎn le， bù xiǎng qǐ chuáng。	He's too lazy to get out of bed.
成为	chéng wéi	to become	她想成为一名医生。	tā xiǎng chéng wéi yị̀ míng yī shēng。	She wants to become a doctor.
成功	chéng gōng	to succeed	他终于成功了。	tā zhōng yú chéng gōng le。	He finally succeeded.
戴	dài	to put on or wear (glasses, hat, gloves, etc.)	她戴上了帽子出门了。	tā dài shàng le mào zi chū mén le。	She put on her hat and went out.
房东	fáng dōng	landlord	房东每月来收房租。	fáng dōng měi yuè lái shōu fáng zū。	The landlord comes to collect rent every month.
所有	suǒ yǒu	all	所有的学生都来了。	suǒ yǒu de xué sheng dōu lái le。	All the students came.
打印	dǎ yìn	to print	我需要打印这份文件。	wǒ xū yào dǎ yìn zhè fèn wén jiàn。	I need to print this document.
打扮	dǎ ban	to dress up	她今天打扮得很漂亮。	tā jīn tiān dǎ ban de hěn piào liang。	She dressed up beautifully today.
打扰	dǎ rǎo	to bother; to disturb	对不起，打扰你一下。	duì bu qǐ， dǎ rǎo nǐ yị́ xià。	Sorry to bother you for a moment.
打折	dǎ zhé	to give a discount	这家店今天打折。	zhè jiā diàn jīn tiān dǎ zhé。	This store is giving a discount today.
打招呼	dǎ zhāo hu	to greet	他看见老师就打招呼。	tā kàn jiàn lǎo shī jiù dǎ zhāo hu。	He greeted the teacher when he saw her.
打针	dǎ zhēn	to give or have an injection	医生给他打针了。	yī shēng gěi tā dǎ zhēn le。	The doctor gave him an injection.
扔	rēng	to throw away	他把垃圾扔掉了。	tā bǎ lā jī rēng diào le。	He threw the trash away.
批评	pī píng	to criticize	老师批评了他一次。	lǎo shī pī píng le tā yị́ cì。	The teacher criticized him once.
技术	jì shù	technology	这种技术很有用。	zhè zhǒng jì shù hěn yǒu yòng。	This kind of technology is very useful.
护士	hù shi	nurse	那个护士很有经验。	nà ge hù shi hěn yǒu jīng yàn。	That nurse is very experienced.
报名	bào míng	to sign up	我想报名参加比赛。	wǒ xiǎng bào míng cān jiā bǐ sài。	I want to sign up to participate in the competition.
抬	tái	to carry	他们两个抬着桌子。	tā men liǎng gè tái zhe zhuō zi。	The two of them carried the table together.
抬	tái	to lift	他抬起头看了看。	tā tái qǐ tóu kàn le kàn。	He raised his head and looked around.
抱	bào	to embrace	她抱了孩子一下。	tā bào le hái zi yị́ xià。	She gave the child a hug.
抱	bào	to hold in one's arms	她抱孩子睡觉。	tā bào hái zi shuì jiào。	She holds the child in her arms to sleep.
抱歉	bào qiàn	sorry; apologetic	我很抱歉，来晚了。	wǒ hěn bào qiàn， lái wǎn le。	I'm so sorry, I'm late.
抽烟	chōu yān	to smoke	这里不能抽烟。	zhè lǐ bù néng chōu yān。	You can't smoke here.
拉	lā	to pull	他把门拉开了。	tā bǎ mén lā kāi le。	He pulled the door open.
拒绝	jù jué	to refuse; to reject	他拒绝了我的要求。	tā jù jué le wǒ de yāo qiú。	He refused my request.
招聘	zhāo pìn	to invite applications for a job	公司正在招聘新老师。	gōng sī zhèng zài zhāo pìn xīn lǎo shī。	The company is currently inviting applications for new teachers.
挂	guà	measure word for strings of things (e.g. firecrackers)	他买了两挂东西。	tā mǎi le liǎng guà dōng xi。	He bought two strings of things.
挂	guà	to hang	他把画挂在房间里。	tā bǎ huà guà zài fáng jiān lǐ。	He hung the painting in his room.
指	zhǐ	to point at or refer to	他指着地图说明方向。	tā zhǐ zhe dì tú shuō míng fāng xiàng。	He pointed at the map to explain the direction.
按时	àn shí	on time	他每天按时上班。	tā měi tiān àn shí shàng bān。	He goes to work on time every day.
按照	àn zhào	in accordance with	按照地图，往右走。	àn zhào dì tú， wǎng yòu zǒu。	In accordance with the map, turn right.
挺	tǐng	quite; rather	这本书挺有意思的。	zhè běn shū tǐng yǒu yì si de。	This book is very interesting.
掉	diào	to drop	他把手机掉在地上了。	tā bǎ shǒu jī diào zài dì shàng le。	He dropped his phone on the ground.
掉	diào	to fall	树叶从树上掉下来了。	shù yè cóng shù shàng diào xià lai le。	The leaves fell from the tree.
掉	diào	verb complement indicating completion or removal (e.g. 吃掉, 扔掉)	他把饭吃掉了。	tā bǎ fàn chī diào le。	He finished eating the food (ate it all up).
排列	pái liè	to arrange in order	请把这些书按大小排列。	qǐng bǎ zhè xiē shū àn dà xiǎo pái liè。	Please arrange these books by size.
排队	pái duì	to line up	大家都在排队买票。	dà jiā dōu zài pái duì mǎi piào。	Everyone is lining up to buy tickets.
接受	jiē shòu	to accept	他接受了朋友的建议。	tā jiē shòu le péng you de jiàn yì。	He accepted his friend's suggestion.
接着	jiē zhe	after that; and then	他洗完手，接着去吃饭。	tā xǐ wán shǒu， jiē zhe qù chī fàn。	He washed his hands; after that, he went to eat.
推	tuī	to push	他推开了门走进去。	tā tuī kāi le mén zǒu jìn qù。	He pushed open the door and walked in.
推	tuī	to put off	他总是把工作往以后推。	tā zǒng shì bǎ gōng zuò wǎng yǐ hòu tuī。	He always puts off his work.
推迟	tuī chí	to postpone	会议推迟到下周了。	huì yì tuī chí dào xià zhōu le。	The meeting has been postponed to next week.
提	tí	to carry (something with a handle)	她提着一个袋子去买菜。	tā tí zhe yị́ gè dài zi qù mǎi cài。	She carried a bag (by its handle) to buy groceries.
提	tí	to withdraw; to collect	他去银行提了一些现金。	tā qù yín háng tí le yị̀ xiē xiàn jīn。	He went to the bank to withdraw some cash.
提	tí	to lift	他把重箱子提起来，放到车上。	tā bǎ zhòng xiāng zi tí qǐ lai， fàng dào chē shàng。	He lifted the heavy box and put it on the car.
提	tí	to mention	他提到了上次的问题。	tā tí dào le shàng cì de wèn tí。	He mentioned the issue from last time.
提供	tí gōng	to supply	公司提供了免费午餐。	gōng sī tí gōng le miǎn fèi wǔ cān。	The company supplied free lunch.
提前	tí qián	to do something ahead of time	他提前完成了作业。	tā tí qián wán chéng le zuò yè。	He finished his homework ahead of time.
提醒	tí xǐng	to remind	妈妈提醒我带伞。	mā ma tí xǐng wǒ dài sǎn。	Mom reminded me to bring an umbrella.
擦	cā	to clean or erase by wiping or rubbing	她用毛巾擦桌子。	tā yòng máo jīn cā zhuō zi。	She wiped the table with a towel.
支持	zhī chí	to support	我支持你的这个决定。	wǒ zhī chí nǐ de zhè ge jué dìng。	I support this decision of yours.
收	shōu	to receive; to collect	我收到了你的礼物。	wǒ shōu dào le nǐ de lǐ wù。	I received your gift.
收入	shōu rù	income	他的收入很高。	tā de shōu rù hěn gāo。	His income is very high.
收拾	shōu shi	to put in order; to tidy up	他把书本收拾得很好。	tā bǎ shū běn shōu shi de hěn hǎo。	He put his books in order very well.
改变	gǎi biàn	to change	他改变了自己的想法。	tā gǎi biàn le zì jǐ de xiǎng fǎ。	He changed his mind.
放弃	fàng qì	to give up; to abandon	他放弃了这个机会。	tā fàng qì le zhè ge jī huì。	He abandoned this opportunity.
放暑假	fàng shǔ jià	to have summer vacation	七月放暑假。	qī yuè fàng shǔ jià。	Summer vacation begins in July.
放松	fàng sōng	to loosen up; to relax	听音乐，让身体放松。	tīng yīn yuè， ràng shēn tǐ fàng sōng。	Listen to music and loosen up your body.
故意	gù yì	deliberately; on purpose	他故意不告诉我。	tā gù yì bụ́ gào su wǒ。	He deliberately didn't tell me.
效果	xiào guǒ	effect	这个方法效果很好。	zhè ge fāng fǎ xiào guǒ hěn hǎo。	This method has a very good effect.
教授	jiào shòu	professor	他是一位有名的教授。	tā shì yị́ wèi yǒu míng de jiào shòu。	He is a well-known professor.
教授	jiào shòu	to instruct	老师教授学生新知识。	lǎo shī jiào shòu xué sheng xīn zhī shi。	The teacher instructs students in new knowledge.
教授	jiào shòu	to lecture on	他在大学教授中文。	tā zài dà xué jiào shòu zhōng wén。	He lectures on Chinese at the university.
教育	jiào yù	to educate	父母教育孩子要诚实。	fù mǔ jiào yù hái zi yào chéng shí。	Parents educate their children to be honest.
敢	gǎn	to dare	他敢自己去那里。	tā gǎn zì jǐ qù nà lǐ。	He dares to go there alone.
散步	sàn bù	to go for a walk	我们每天晚上去散步。	wǒ men měi tiān wǎn shang qù sàn bù。	We go for a walk every evening.
数字	shù zì	number	请写下这个数字。	qǐng xiě xià zhè ge shù zì。	Please write down this number.
数量	shù liàng	amount	今天买的东西数量很大。	jīn tiān mǎi de dōng xi shù liàng hěn dà。	The amount of things bought today is very large.
敲	qiāo	to knock	他敲了敲门。	tā qiāo le qiāo mén。	He knocked on the door.
敲	qiāo	to rip somebody off	他们在机场敲外国人。	tā men zài jī chǎng qiāo wài guó rén。	They rip off foreigners at the airport.
敲	qiāo	to strike	他敲了桌子一下。	tā qiāo le zhuō zi yị́ xià。	He struck the table once.
整理	zhěng lǐ	to tidy up	他把房间整理好了。	tā bǎ fáng jiān zhěng lǐ hǎo le。	He tidied up the room.
文章	wén zhāng	article	我在网上看到一篇文章。	wǒ zài wǎng shàng kàn dào yị̀ piān wén zhāng。	I saw an article online.
文章	wén zhāng	essay	老师让我们写一篇文章。	lǎo shī ràng wǒ men xiě yị̀ piān wén zhāng。	The teacher asked us to write an essay.
方向	fāng xiàng	direction	你走错方向了。	nǐ zǒu cuò fāng xiàng le。	You went the wrong direction.
方法	fāng fǎ	method; way	这个方法很有用。	zhè ge fāng fǎ hěn yǒu yòng。	This method is very useful.
方面	fāng miàn	aspect; respect	这个问题有很多方面需要考虑。	zhè ge wèn tí yǒu hěn duō fāng miàn xū yào kǎo lǜ。	There are many aspects of this issue to consider.
旅行	lǚ xíng	to travel	我们去年一起旅行了一趟。	wǒ men qù nián yị̀ qǐ lǚ xíng le yị́ tàng。	We traveled together last year.
无	wú	to not have; without	他现在无事可做。	tā xiàn zài wú shì kě zuò。	He has nothing to do right now.
无聊	wú liáo	boring	今天没事做，真无聊。	jīn tiān méi shì zuò， zhēn wú liáo。	There is nothing to do today, it's so boring.
无论	wú lùn	no matter	无论多难，他都不放弃。	wú lùn duō nán， tā dōu bụ́ fàng qì。	No matter how hard, he never gives up.
既然	jì rán	since	既然累了，就休息吧。	jì rán lèi le， jiù xiū xi ba。	Since you are tired, rest then.
日记	rì jì	diary	她每天都写日记。	tā měi tiān dōu xiě rì jì。	She writes in her diary every day.
是否	shì fǒu	whether or not	他还没决定是否去。	tā hái méi jué dìng shì fǒu qù。	He hasn't decided yet whether or not to go.
普通话	pǔ tōng huà	Mandarin	我在学普通话。	wǒ zài xué pǔ tōng huà。	I am learning Mandarin.
普遍	pǔ biàn	widespread	用手机付钱在中国很普遍。	yòng shǒu jī fù qián zài zhōng guó hěn pǔ biàn。	Paying with a mobile phone is widespread in China.
景色	jǐng sè	scenery	这里的景色真美。	zhè lǐ de jǐng sè zhēn měi。	The scenery here is truly beautiful.
暂时	zàn shí	temporary	这只是暂时的困难。	zhè zhī shì zàn shí de kùn nan。	This is only a temporary difficulty.
暖和	nuǎn huo	pleasantly warm	今天天气很暖和。	jīn tiān tiān qì hěn nuǎn huo。	The weather today is pleasantly warm.
最好	zuì hǎo	it would be best; had better	你最好早点睡觉。	nǐ zuì hǎo zǎo diǎn shuì jiào。	You had better go to sleep early.
有趣	yǒu qù	interesting	这本书很有趣。	zhè běn shū hěn yǒu qù。	This book is very interesting.
本来	běn lái	originally	他本来住在外地，后来搬来了。	tā běn lái zhù zài wài dì， hòu lái bān lái le。	He originally lived elsewhere, but later moved here.
杂志	zá zhì	magazine	我买了一本杂志。	wǒ mǎi le yị̀ běn zá zhì。	I bought a magazine.
材料	cái liào	documents; paperwork	他整理了所有的材料。	tā zhěng lǐ le suǒ yǒu de cái liào。	He organized all the materials.
材料	cái liào	material	做这座桥需要很多材料。	zuò zhè zuò qiáo xū yào hěn duō cái liào。	Building this bridge requires lots of material.
条件	tiáo jiàn	condition	这个工作有一个条件。	zhè ge gōng zuò yǒu yị́ gè tiáo jiàn。	This job has one condition.
来不及	lái bu jí	not enough time (to do something)	我来不及吃早饭了。	wǒ lái bu jí chī zǎo fàn le。	I don't have enough time to eat breakfast.
来得及	lái de jí	to have enough time to do something	现在出发还来得及。	xiàn zài chū fā hái lái de jí。	There's still enough time if we leave now.
来自	lái zì	to come from	他来自美国。	tā lái zì měi guó。	He is from America.
果汁	guǒ zhī	fruit juice	我想喝一杯果汁。	wǒ xiǎng hē yị̀ bēi guǒ zhī。	I want to drink a glass of fruit juice.
标准	biāo zhǔn	standard	这里的服务达到了国际标准。	zhè lǐ de fú wù dá dào le guó jì biāo zhǔn。	The service here meets international standards.
样子	yàng zi	appearance	她的样子很漂亮。	tā de yàng zi hěn piào liang。	Her appearance is very beautiful.
样子	yàng zi	manner	他走路的样子很奇怪。	tā zǒu lù de yàng zi hěn qí guài。	The manner in which he walks is very strange.
桥	qiáo	bridge	河上有一座桥。	hé shàng yǒu yị́ zuò qiáo。	There is a bridge over the river.
梦	mèng	dream	我昨晚做了一场梦。	wǒ zuó wǎn zuò le yị̀ cháng mèng。	I had a dream last night.
棒	bàng	great	今天的饭菜真棒！	jīn tiān de fàn cài zhēn bàng！	Today's food is truly great!
森林	sēn lín	forest	这片森林很大。	zhè piàn sēn lín hěn dà。	This forest is very large.
棵	kē	measure word for trees, plants, etc.	院子里有三棵树。	yuàn zi lǐ yǒu sān kē shù。	There are three trees in the yard.
植物	zhí wù	plant	这是一种热带植物。	zhè shì yị̀ zhǒng rè dài zhí wù。	This is a kind of tropical plant.
植物	zhí wù	vegetation	这个公园里有很多植物。	zhè ge gōng yuán lǐ yǒu hěn duō zhí wù。	There are many kinds of vegetation in this park.
橡皮	xiàng pí	eraser	我忘了带橡皮。	wǒ wàng le dài xiàng pí。	I forgot to bring an eraser.
正好	zhèng hǎo	as it happens	正好你来了，我有事找你。	zhèng hǎo nǐ lái le， wǒ yǒu shì zhǎo nǐ。	As it happens you've come — I have something to tell you.
正好	zhèng hǎo	by chance	正好在路上遇到了他。	zhèng hǎo zài lù shang yù dào le tā。	By chance I ran into him on the road.
正好	zhèng hǎo	just right	这双鞋穿起来正好。	zhè shuāng xié chuān qǐ lai zhèng hǎo。	These shoes fit just right.
正常	zhèng cháng	normal; regular	他的体温很正常。	tā de tǐ wēn hěn zhèng cháng。	His body temperature is normal.
正式	zhèng shì	formal	参加面试要穿正式的衣服。	cān jiā miàn shì yào chuān zhèng shì de yī fu。	You should wear formal clothes to a job interview.
正式	zhèng shì	official	这是一份正式的通知。	zhè shì yị́ fèn zhèng shì de tōng zhī。	This is an official notice.
正确	zhèng què	correct	他的回答是正确的。	tā de huí dá shì zhèng què de。	His answer is correct.
死	sǐ	to die	那只猫死了。	nà zhī māo sǐ le。	That cat died.
死	sǐ	to the utmost	今天累死了。	jīn tiān lèi sǐ le。	I'm exhausted to the utmost today.
母亲	mǔ qīn	mother	我的母亲很爱我。	wǒ de mǔ qīn hěn ài wǒ。	My mother loves me very much.
比如	bǐ rú	for example	我喜欢运动，比如跑步和游泳。	wǒ xǐ huan yùn dòng， bǐ rú pǎo bù hé yóu yǒng。	I like sports, for example running and swimming.
毕业	bì yè	to graduate	他去年大学毕业了。	tā qù nián dà xué bì yè le。	He graduated from university last year.
毛	máo	mao (currency, 1/10 of a yuan)	这个苹果一块五毛。	zhè ge píng guǒ yị́ kuài wǔ máo。	This apple costs one yuan fifty.
毛巾	máo jīn	towel	我需要一条干净的毛巾。	wǒ xū yào yị̀ tiáo gān jìng de máo jīn。	I need a clean towel.
民族	mín zú	ethnic group	汉族是中国最大的民族。	hàn zú shì zhōng guó zuì dà de mín zú。	The Han are the largest ethnic group in China.
民族	mín zú	nationality	你是哪个民族？	nǐ shì nǎ ge mín zú？	What nationality are you?
气候	qì hòu	climate	中国有多种气候。	zhōng guó yǒu duō zhǒng qì hòu。	China has many kinds of climate.
永远	yǒng yuǎn	eternal; forever	爱是永远的。	ài shì yǒng yuǎn de。	Love is eternal.
汗	hàn	perspiration; sweat	跑步后我出了很多汗。	pǎo bù hòu wǒ chū le hěn duō hàn。	After running, I sweated a lot (perspiration).
污染	wū rǎn	to pollute	工厂污染了附近的河水。	gōng chǎng wū rǎn le fù jìn de hé shuǐ。	The factory polluted the nearby river.
汤	tāng	soup	妈妈做了热汤。	mā ma zuò le rè tāng。	Mom made hot soup.
沙发	shā fā	sofa	他坐在沙发上看电视。	tā zuò zài shā fā shang kàn diàn shì。	He is sitting on the sofa watching TV.
法律	fǎ lǜ	law	我们要按法律做。	wǒ men yào àn fǎ lǜ zuò。	We must act according to the law.
活动	huó dòng	activity	今天有什么活动？	jīn tiān yǒu shén me huó dòng？	What activities are there today?
活动	huó dòng	to be loose (e.g. a loose tooth, a rickety chair)	这把椅子腿活动了。	zhè bǎ yǐ zi tuǐ huó dòng le。	The leg of this chair is loose.
活动	huó dòng	to exercise	饭后去外面活动一下。	fàn hòu qù wài miàn huó dòng yị́ xià。	Go outside to exercise a bit after dinner.
活泼	huó po	lively; vivacious	这个小孩很活泼。	zhè ge xiǎo hái hěn huó po。	This child is very lively.
流利	liú lì	fluent	她的英语说得很流利。	tā de yīng yǔ shuō de hěn liú lì。	Her English is very fluent.
流行	liú xíng	popular	这首歌现在很流行。	zhè shǒu gē xiàn zài hěn liú xíng。	This song is very popular right now.
浪漫	làng màn	romantic	他做了很多浪漫的事。	tā zuò le hěn duō làng màn de shì。	He did many romantic things.
浪费	làng fèi	to squander; to waste	他把钱都浪费掉了。	tā bǎ qián dōu làng fèi diào le。	He squandered all his money.
海洋	hǎi yáng	ocean	大西洋是一个大海洋。	dà xī yáng shì yị́ gè dà hǎi yáng。	The Atlantic is a large ocean.
消息	xiāo xi	information; news	你有他的消息吗？	nǐ yǒu tā de xiāo xi ma？	Do you have any information about him?
深	shēn	deep	这条河很深。	zhè tiáo hé hěn shēn。	This river is very deep.
温度	wēn dù	temperature	今天的温度很高。	jīn tiān de wēn dù hěn gāo。	The temperature today is very high.
满	mǎn	full	杯子满了，别再倒了。	bēi zi mǎn le， bié zài dào le。	The cup is full — don't pour any more.
满	mǎn	wholly	他满脸都是笑。	tā mǎn liǎn dōu shì xiào。	His face is wholly covered with smiles.
演出	yǎn chū	to put on a performance	他们今晚有一场演出。	tā men jīn wǎn yǒu yị̀ chǎng yǎn chū。	They have a performance tonight.
演员	yǎn yuán	actor; performer	这位演员很有名。	zhè wèi yǎn yuán hěn yǒu míng。	This actor is very famous.
激动	jī dòng	excited	好消息让他很激动。	hǎo xiāo xi ràng tā hěn jī dòng。	The good news made him very excited.
火	huǒ	angry	他听到这话就火了。	tā tīng dào zhè huà jiù huǒ le。	He got angry when he heard those words.
火	huǒ	fire	别走近火！	bié zǒu jìn huǒ！	Don't get close to the fire!
火	huǒ	popular	这首歌现在很火。	zhè shǒu gē xiàn zài hěn huǒ。	This song is very popular right now.
烤鸭	kǎo yā	roast duck	北京烤鸭很有名。	běi jīng kǎo yā hěn yǒu míng。	Beijing roast duck is very famous.
烦恼	fán nǎo	distressed; worried	他因为失去工作而烦恼。	tā yīn wèi shī qù gōng zuò ér fán nǎo。	He is distressed about losing his job.
热闹	rè nao	bustling with noise and excitement	春节的街上非常热闹。	chūn jié de jiē shàng fēi cháng rè nao。	The streets during Spring Festival are bustling with noise and excitement.
然而	rán ér	but; however	他学了很久，然而还是不会。	tā xué le hěn jiǔ， rán ér hái shi bụ́ huì。	He studied for a long time, but still doesn't know how.
照	zhào	to take (a photo); to shine	我给你照一张相。	wǒ gěi nǐ zhào yị̀ zhāng xiàng。	Let me take a photo of you.
熟悉	shú xī	to be familiar with	我对这里的路很熟悉。	wǒ duì zhè lǐ de lù hěn shú xī。	I am very familiar with the roads here.
爱情	ài qíng	romantic love	他们有一份很好的爱情。	tā men yǒu yị́ fèn hěn hǎo de ài qíng。	They have a wonderful love.
父亲	fù qīn	father	我的父亲是一名医生。	wǒ de fù qīn shì yị̀ míng yī shēng。	My father is a doctor.
牙膏	yá gāo	toothpaste	我需要买一管牙膏。	wǒ xū yào mǎi yị̀ guǎn yá gāo。	I need to buy a tube of toothpaste.
特点	tè diǎn	distinguishing feature	这种鸟的特点是叫声很好听。	zhè zhǒng niǎo de tè diǎn shì jiào shēng hěn hǎo tīng。	The distinguishing feature of this bird is its beautiful call.
猜	cāi	to guess	你猜他是谁？	nǐ cāi tā shì shuí？	Can you guess who he is?
现金	xiàn jīn	cash	你有现金吗？我没有零钱。	nǐ yǒu xiàn jīn ma？ wǒ méi yǒu líng qián。	Do you have cash? I don't have change.
理发	lǐ fà	to have one's hair cut	我想去理发。	wǒ xiǎng qù lǐ fà。	I want to go have my hair cut.
理想	lǐ xiǎng	ideal	她的理想是成为医生。	tā de lǐ xiǎng shì chéng wéi yī shēng。	Her ideal is to become a doctor.
理想	lǐ xiǎng	perfect	这个地方很理想。	zhè ge dì fāng hěn lǐ xiǎng。	This place is perfect.
理解	lǐ jiě	to comprehend	我理解你的意思。	wǒ lǐ jiě nǐ de yì si。	I comprehend what you mean.
甚至	shèn zhì	even to the extent of	他很忙，甚至没时间吃饭。	tā hěn máng， shèn zhì méi shí jiān chī fàn。	He is very busy, even to the extent of not having time to eat.
生命	shēng mìng	life	我们要保护每一个生命。	wǒ men yào bǎo hù měi yị́ gè shēng mìng。	We must protect every life.
生意	shēng yì	business	他的生意越来越好。	tā de shēng yì yuè lái yuè hǎo。	His business is getting better and better.
生活	shēng huó	life; to live	我的生活很简单。	wǒ de shēng huó hěn jiǎn dān。	My life is very simple.
由	yóu	by	这件事由他来做。	zhè jiàn shì yóu tā lái zuò。	This matter is handled by him.
由于	yóu yú	as a result of; due to	由于努力学习，她考上了大学。	yóu yú nǔ lì xué xí， tā kǎo shàng le dà xué。	As a result of studying hard, she got into university.
申请	shēn qǐng	to apply for	他申请了一个工作。	tā shēn qǐng le yị́ gè gōng zuò。	He applied for a job.
留	liú	to leave (something)	请留下你的联系方式。	qǐng liú xià nǐ de lián xì fāng shì。	Please leave your contact information.
留	liú	to stay	老师让我留下来说话。	lǎo shī ràng wǒ liú xià lai shuō huà。	The teacher asked me to stay and talk.
登机牌	dēng jī pái	boarding pass	请给我看你的登机牌。	qǐng gěi wǒ kàn nǐ de dēng jī pái。	Please show me your boarding pass.
百分之	bǎi fēn zhī	percent	这次考试我考了百分之九十。	zhè cì kǎo shì wǒ kǎo le bǎi fēn zhī jiǔ shí。	I got ninety percent on this exam.
皮肤	pí fū	skin	她的皮肤很漂亮。	tā de pí fū hěn piào liang。	Her skin is very beautiful.
盐	yán	salt	菜里放了太多盐。	cài lǐ fàng le tài duō yán。	Too much salt was added to the dish.
盒子	hé zi	box	这个盒子里有什么？	zhè ge hé zi lǐ yǒu shén me？	What's inside this box?
盒子	hé zi	case	她把手机放进盒子里。	tā bǎ shǒu jī fàng jìn hé zi lǐ。	She put her phone into the case.
目的	mù dì	goal	他的目的是找到好工作。	tā de mù dì shì zhǎo dào hǎo gōng zuò。	His goal is to find a good job.
直接	zhí jiē	direct	你可以直接告诉我。	nǐ kě yǐ zhí jiē gào su wǒ。	You can tell me directly.
相反	xiāng fǎn	opposite	他说是，我的想法正好相反。	tā shuō shì， wǒ de xiǎng fǎ zhèng hǎo xiāng fǎn。	He said yes; my idea is the complete opposite.
相同	xiāng tóng	identical	他们两个的想法完全相同。	tā men liǎng gè de xiǎng fǎ wán quán xiāng tóng。	Their two ideas are completely identical.
省	shěng	province	山东省在中国北方。	shān dōng shěng zài zhōng guó běi fāng。	Shandong Province is in northern China.
省	shěng	to economize	出门要省点钱。	chū mén yào shěng diǎn qián。	When going out, economize a bit on money.
省	shěng	to save	坐地铁可以省时间。	zuò dì tiě kě yǐ shěng shí jiān。	Taking the subway can save time.
看法	kàn fǎ	opinion	你对这件事有什么看法？	nǐ duì zhè jiàn shì yǒu shén me kàn fǎ？	What is your opinion on this matter?
真正	zhēn zhèng	genuine	他是我真正的朋友。	tā shì wǒ zhēn zhèng de péng you。	He is my genuine friend.
眼镜	yǎn jìng	eyeglasses	他戴着眼镜。	tā dài zhe yǎn jìng。	He is wearing eyeglasses.
知识	zhī shi	knowledge	他学了一门新的知识。	tā xué le yị̀ mén xīn de zhī shi。	He learned a new area of knowledge.
短信	duǎn xìn	text message	他给我发了一条短信。	tā gěi wǒ fā le yị̀ tiáo duǎn xìn。	He sent me a text message.
矿泉水	kuàng quán shuǐ	mineral water	请给我一瓶矿泉水。	qǐng gěi wǒ yị̀ píng kuàng quán shuǐ。	Please give me a bottle of mineral water.
研究	yán jiū	research	他正在做一项研究。	tā zhèng zài zuò yị́ xiàng yán jiū。	He is conducting a research project.
破	pò	lousy	这破手机又坏了。	zhè pò shǒu jī yòu huài le。	This lousy phone broke again.
破	pò	to damage	他不小心把杯子弄破了。	tā bù xiǎo xīn bǎ bēi zi nòng pò le。	He accidentally damaged the cup.
硕士	shuò shì	master's degree	他拿到了硕士。	tā ná dào le shuò shì。	He obtained a master's degree.
确实	què shí	certain	我确实不知道这件事。	wǒ què shí bù zhī dào zhè jiàn shì。	I am certain I don't know about this matter.
确实	què shí	true	这件事确实很难。	zhè jiàn shì què shí hěn nán。	This matter is truly difficult.
礼拜天	lǐ bài tiān	Sunday	礼拜天我不上班。	lǐ bài tiān wǒ bụ́ shàng bān。	I don't work on Sundays.
礼貌	lǐ mào	courtesy; manners	礼貌很重要。	lǐ mào hěn zhòng yào。	Courtesy is very important.
社会	shè huì	society	这个社会变化很快。	zhè ge shè huì biàn huà hěn kuài。	This society changes very quickly.
祝贺	zhù hè	to congratulate	我想祝贺你通过考试！	wǒ xiǎng zhù hè nǐ tōng guò kǎo shì！	I want to congratulate you on passing the exam!
禁止	jìn zhǐ	to prohibit	这里禁止吸烟。	zhè lǐ jìn zhǐ xī yān。	Smoking is prohibited here.
科学	kē xué	science	科学对社会很重要。	kē xué duì shè huì hěn zhòng yào。	Science is very important to society.
秒	miǎo	second (of time)	他跑了三十秒。	tā pǎo le sān shí miǎo。	He ran for thirty seconds.
租	zū	to rent	我想租一间小房子。	wǒ xiǎng zū yị̀ jiān xiǎo fáng zi。	I want to rent a small house.
积极	jī jí	enthusiastic	他学习很积极。	tā xué xí hěn jī jí。	He is very enthusiastic about studying.
积极	jī jí	active	他工作非常积极。	tā gōng zuò fēi cháng jī jí。	He is very active in his work.
积累	jī lěi	to accumulate	他积累了很多经验。	tā jī lěi le hěn duō jīng yàn。	He has accumulated a lot of experience.
稍微	shāo wēi	a little bit	我稍微累了一点。	wǒ shāo wēi lèi le yị̀ diǎn。	I am a little bit tired.
究竟	jiū jìng	after all; when all is said and done	他究竟去哪里了？	tā jiū jìng qù nǎ li le？	Where on earth did he go after all?
穷	qióng	poor	他小时候家里很穷。	tā xiǎo shí hou jiā lǐ hěn qióng。	When he was young, his family was very poor.
空	kōng	empty	这个房间是空的。	zhè ge fáng jiān shì kōng de。	This room is empty.
空	kòng	free time	你现在有空吗？	nǐ xiàn zài yǒu kòng ma？	Do you have free time now?
空	kòng	to leave empty	请把这行空着。	qǐng bǎ zhè háng kòng zhe。	Please leave this line empty.
空气	kōng qì	air	这里的空气很新鲜。	zhè lǐ de kōng qì hěn xīn xiān。	The air here is very fresh.
窗户	chuāng hu	window	请把窗户打开。	qǐng bǎ chuāng hu dǎ kāi。	Please open the window.
竞争	jìng zhēng	to compete	两家公司在竞争。	liǎng jiā gōng sī zài jìng zhēng。	Two companies are competing.
竟然	jìng rán	unexpectedly	他竟然不知道这件事。	tā jìng rán bù zhī dào zhè jiàn shì。	He unexpectedly doesn't know about this.
笑话	xiào hua	joke	他给我们讲了一个笑话。	tā gěi wǒ men jiǎng le yị́ gè xiào hua。	He told us a joke.
符合	fú hé	to be in line with; to conform to	他的想法符合我的意见。	tā de xiǎng fǎ fú hé wǒ de yì jiàn。	His idea is in line with my opinion.
笨	bèn	stupid	他考试总是不好，真笨。	tā kǎo shì zǒng shì bù hǎo， zhēn bèn。	He always does poorly on exams — truly stupid.
等（助词）	děng	et cetera; and so on	我喜欢水果，比如苹果、香蕉等。	wǒ xǐ huan shuǐ guǒ， bǐ rú píng guǒ、 xiāng jiāo děng。	I like fruit, for example apples, bananas, etc.
答案	dá àn	answer	这道题的答案是什么？	zhè dào tí de dá àn shì shén me？	What is the answer to this question?
签证	qiān zhèng	visa	我的签证快不能用了。	wǒ de qiān zhèng kuài bù néng yòng le。	My visa is about to expire.
管理	guǎn lǐ	to supervise	她负责管理这个部门。	tā fù zé guǎn lǐ zhè ge bù mén。	She is responsible for supervising this department.
篇	piān	measure word for pieces of writing and sheets of paper	我写了一篇文章。	wǒ xiě le yị̀ piān wén zhāng。	I wrote a piece of writing.
粗心	cū xīn	careless	他太粗心，写错了字。	tā tài cū xīn， xiě cuò le zì。	He was too careless and wrote the wrong character.
精彩	jīng cǎi	(of a theatrical performance or sports event) thrilling	这场比赛太精彩了！	zhè chǎng bǐ sài tài jīng cǎi le！	This match was so thrilling!
糖	táng	sugar; candy	我不喜欢吃糖。	wǒ bù xǐ huan chī táng。	I don't like eating candy.
紧张	jǐn zhāng	in short supply	最近水很紧张。	zuì jìn shuǐ hěn jǐn zhāng。	Water is in short supply recently.
紧张	jǐn zhāng	nervous	考试前他感到很紧张。	kǎo shì qián tā gǎn dào hěn jǐn zhāng。	He felt very nervous before the exam.
紧张	jǐn zhāng	tense	这场比赛到了最紧张的时候。	zhè chǎng bǐ sài dào le zuì jǐn zhāng de shí hou。	The competition has reached its most tense moment.
约会	yuē huì	appointment (usually romantic)	他们有个浪漫的约会。	tā men yǒu gè làng màn de yuē huì。	They have a romantic appointment.
约会	yuē huì	date	他们有一次约会。	tā men yǒu yị́ cì yuē huì。	They have a date.
经历	jīng lì	experience	这是一次难忘的经历。	zhè shì yị́ cì nán wàng de jīng lì。	This is an unforgettable experience.
经济	jīng jì	economy	中国经济发展很快。	zhōng guó jīng jì fā zhǎn hěn kuài。	China's economy is developing very quickly.
经验	jīng yàn	experience	他有很多工作经验。	tā yǒu hěn duō gōng zuò jīng yàn。	He has a lot of work experience.
结果	jié guǒ	as a result	他努力学习，结果考了第一。	tā nǔ lì xué xí， jié guǒ kǎo le dì yī。	He studied hard; as a result, he came first in the exam.
结果	jié guǒ	consequently (conjunction)	他没准备，结果没通过。	tā méi zhǔn bèi， jié guǒ méi tōng guò。	He didn't prepare well; consequently, he didn't pass the exam.
结果	jié guǒ	outcome	比赛的结果让人很高兴。	bǐ sài de jié guǒ ràng rén hěn gāo xìng。	The outcome of the competition was very pleasing.
结果	jié guǒ	result	考试结果出来了。	kǎo shì jié guǒ chū lái le。	The exam results are out.
结果	jiē guǒ	to bear fruit	苹果树结果了。	píng guǒ shù jiē guǒ le。	The apple tree has borne fruit.
继续	jì xù	to continue	请继续说。	qǐng jì xù shuō。	Please continue speaking.
缺少	quē shǎo	to lack	他缺少经验。	tā quē shǎo jīng yàn。	He lacks experience.
缺点	quē diǎn	shortcoming; drawback	骄傲是他的一个缺点。	jiāo ào shì tā de yị́ gè quē diǎn。	Arrogance is one of his shortcomings.
缺点	quē diǎn	weak point	他有一个大缺点。	tā yǒu yị́ gè dà quē diǎn。	He has one big weak point.
网球	wǎng qiú	tennis	他每周打网球。	tā měi zhōu dǎ wǎng qiú。	He plays tennis every week.
网站	wǎng zhàn	website	这是一个购物网站。	zhè shì yị́ gè gòu wù wǎng zhàn。	This is a shopping website.
美丽	měi lì	beautiful	她长得很美丽。	tā zhǎng de hěn měi lì。	She is very beautiful.
羡慕	xiàn mù	to admire	她很羡慕他的好成绩。	tā hěn xiàn mù tā de hǎo chéng jì。	She admires his good grades.
羡慕	xiàn mù	to envy	他很羡慕他朋友的工作。	tā hěn xiàn mù tā péng you de gōng zuò。	He envies his friend's job.
羽毛球	yǔ máo qiú	badminton	我们一起去打羽毛球。	wǒ men yị̀ qǐ qù dǎ yǔ máo qiú。	Let's go play badminton together.
翻译	fān yì	interpreter; translator	会议上有一名翻译帮助大家。	huì yì shàng yǒu yị̀ míng fān yì bāng zhù dà jiā。	There was an interpreter at the meeting to help everyone.
翻译	fān yì	to translate	他帮我翻译了这封信。	tā bāng wǒ fān yì le zhè fēng xìn。	He helped me translate this letter.
老虎	lǎo hǔ	tiger	动物园里有两只老虎。	dòng wù yuán lǐ yǒu liǎng zhī lǎo hǔ。	There are two tigers in the zoo.
考虑	kǎo lǜ	to consider; to think over	我正在考虑换工作。	wǒ zhèng zài kǎo lǜ huàn gōng zuò。	I am considering changing jobs.
而	ér	as well as (e.g. 美丽而善良 beautiful and kindhearted)	她美丽而聪明。	tā měi lì ér cōng ming。	She is beautiful as well as smart.
而	ér	but (e.g. 学而不用 to study but not use)	他年轻而有经验。	tā nián qīng ér yǒu jīng yàn。	He is young but experienced.
而	ér	used with 因 or 为 to indicate cause and effect (e.g. 为爱而死 to die for love)	他为工作而努力了很多年。	tā wèi gōng zuò ér nǔ lì le hěn duō nián。	He worked hard for his job for many years.
耐心	nài xīn	patience	教小孩子需要耐心。	jiāo xiǎo hái zi xū yào nài xīn。	Teaching young children requires patience.
职业	zhí yè	occupation	你的职业是什么？	nǐ de zhí yè shì shén me？	What is your occupation?
联系	lián xì	to contact; to get in touch with	我明天联系你。	wǒ míng tiān lián xì nǐ。	I'll contact you tomorrow.
聚会	jù huì	gathering; get-together	这是家庭聚会。	zhè shì jiā tíng jù huì。	This is a family gathering.
肚子	dù zi	abdomen; belly	他的肚子受伤了。	tā de dù zi shòu shāng le。	His abdomen was injured.
肯定	kěn dìng	to affirm	老师肯定了他的回答。	lǎo shī kěn dìng le tā de huí dá。	The teacher affirmed his answer.
胳膊	gē bo	arm	他的左胳膊受伤了。	tā de zuǒ gē bo shòu shāng le。	His left arm was injured.
能力	néng lì	ability	他有很强的学习能力。	tā yǒu hěn qiáng de xué xí néng lì。	He has a strong ability to learn.
脏	zāng	dirty	你的衣服脏了。	nǐ de yī fu zāng le。	Your clothes are dirty.
脱	tuō	to shed	狗在脱毛。	gǒu zài tuō máo。	The dog is shedding its fur.
脱	tuō	to take off	进屋前请脱鞋。	jìn wū qián qǐng tuō xié。	Please take off your shoes before entering.
脾气	pí qi	temper	他有一个好脾气。	tā yǒu yị́ gè hǎo pí qi。	He has a good temper.
自信	zì xìn	to be self-confident	你要对自己自信一点。	nǐ yào duì zì jǐ zì xìn yị̀ diǎn。	You should be a bit more self-confident.
自然	zì rán	natural	她笑得很自然。	tā xiào de hěn zì rán。	Her smile looks very natural.
自然	zì rán	nature	大自然很美丽。	dà zì rán hěn měi lì。	Nature is very beautiful.
至少	zhì shǎo	at least	我至少需要两个小时。	wǒ zhì shǎo xū yào liǎng gè xiǎo shí。	I need at least two hours.
航班	háng bān	flight number	请问这个航班是多少？	qǐng wèn zhè ge háng bān shì duō shǎo？	May I ask what this flight number is?
航班	háng bān	scheduled flight	我今天有一个航班要赶。	wǒ jīn tiān yǒu yị́ gè háng bān yào gǎn。	I have a scheduled flight to catch today.
艺术	yì shù	art	她很喜欢艺术。	tā hěn xǐ huan yì shù。	She really likes art.
节	jié	festival; section	春节是中国最重要的节日。	chūn jié shì zhōng guó zuì zhòng yào de jié rì。	Spring Festival is China's most important holiday.
节约	jié yuē	to conserve; to economize	我们要节约用电。	wǒ men yào jié yuē yòng diàn。	We need to conserve electricity.
苦	kǔ	bitter; hard	这个药很苦。	zhè ge yào hěn kǔ。	This medicine is very bitter.
获得	huò dé	to obtain	他获得了第一名。	tā huò dé le dì yī míng。	He obtained first place.
著名	zhù míng	famous	他是著名的科学家。	tā shì zhù míng de kē xué jiā。	He is a famous scientist.
葡萄	pú tao	grape	我喜欢吃葡萄。	wǒ xǐ huan chī pú tao。	I like eating grapes.
行	xíng	to be all right; OK	这个办法行不行？	zhè ge bàn fǎ xíng bù xíng？	Will this method work?
表扬	biǎo yáng	to commend; to praise	公司表扬了工作努力的人。	gōng sī biǎo yáng le gōng zuò nǔ lì de rén。	The company commended people who worked hard.
表格	biǎo gé	form (i.e., application form)	请把这张表格写完。	qǐng bǎ zhè zhāng biǎo gé xiě wán。	Please complete this form (表格).
表演	biǎo yǎn	to perform; performance	孩子们的表演很有意思。	hái zi men de biǎo yǎn hěn yǒu yì si。	The children's performance was very interesting.
表示	biǎo shì	to express; to indicate; to show	他点头表示同意。	tā diǎn tóu biǎo shì tóng yì。	He nodded to indicate agreement.
袜子	wà zi	socks	她买了两双袜子。	tā mǎi le liǎng shuāng wà zi。	She bought two pairs of socks.
西红柿	xī hóng shì	tomato	我买了两个西红柿。	wǒ mǎi le liǎng gè xī hóng shì。	I bought two tomatoes.
要是	yào shi	if	要是你有时间，可以过来。	yào shi nǐ yǒu shí jiān， kě yǐ guò lái。	If you have time, you can come over.
观众	guān zhòng	audience; spectators	看表演的观众很安静。	kàn biǎo yǎn de guān zhòng hěn ān jìng。	The audience watching the show is very quiet.
规定	guī dìng	to stipulate	规定不能在这里停车。	guī dìng bù néng zài zhè lǐ tíng chē。	It is stipulated that parking is not allowed here.
解释	jiě shì	to explain	老师解释了答案。	lǎo shī jiě shì le dá àn。	The teacher explained the answer to this question.
警察	jǐng chá	police	警察来了，大家别跑。	jǐng chá lái le， dà jiā bié pǎo。	The police are here, everyone don't run.
计划	jì huà	plan	我们有一个出行计划。	wǒ men yǒu yị́ gè chū xíng jì huà。	We have a travel plan.
讨厌	tǎo yàn	disgusting	这个味道真的很讨厌。	zhè ge wèi dao zhēn de hěn tǎo yàn。	This smell is really disgusting.
讨厌	tǎo yàn	loathsome	他的坏习惯真让人讨厌。	tā de huài xí guàn zhēn ràng rén tǎo yàn。	His bad habits are truly loathsome.
讨厌	tǎo yàn	to loathe	她讨厌吃苦的东西。	tā tǎo yàn chī kǔ de dōng xi。	She loathes eating bitter things.
讨论	tǎo lùn	to discuss	大家讨论了这个想法。	dà jiā tǎo lùn le zhè ge xiǎng fǎ。	Everyone discussed this idea.
记者	jì zhě	journalist; reporter	这个记者写了很多新闻。	zhè ge jì zhě xiě le hěn duō xīn wén。	This journalist has written a lot of news.
许多	xǔ duō	many	公园里有许多人。	gōng yuán lǐ yǒu xǔ duō rén。	There are many people in the park.
证明	zhèng míng	certificate	我需要一个健康证明。	wǒ xū yào yị́ gè jiàn kāng zhèng míng。	I need a health certificate.
证明	zhèng míng	to prove	这个结果证明了他是对的。	zhè ge jié guǒ zhèng míng le tā shì duì de。	This result proves that he was right.
词语	cí yǔ	expression	这个词语是什么意思？	zhè ge cí yǔ shì shén me yì si？	What does this expression mean?
词语	cí yǔ	word	这个词语很难写。	zhè ge cí yǔ hěn nán xiě。	This word is very hard to write.
诚实	chéng shí	honest	他是一个诚实的人。	tā shì yị́ gè chéng shí de rén。	He is an honest person.
详细	xiáng xì	detailed	请详细说一下这件事。	qǐng xiáng xì shuō yị́ xià zhè jiàn shì。	Please describe this matter in detail.
语法	yǔ fǎ	grammar	他的语法很好。	tā de yǔ fǎ hěn hǎo。	His grammar is very good.
语言	yǔ yán	language	学习一门语言需要时间。	xué xí yị̀ mén yǔ yán xū yào shí jiān。	Learning a language takes time.
误会	wù huì	to misunderstand	你误会我了，我不是那个意思。	nǐ wù huì wǒ le， wǒ bụ́ shì nà ge yì si。	You misunderstood me, that's not what I meant.
说明	shuō míng	instructions	请仔细阅读使用说明。	qǐng zǐ xì yuè dú shǐ yòng shuō míng。	Please read the instructions carefully.
说明	shuō míng	manual	这台电脑有一本使用说明。	zhè tái diàn nǎo yǒu yị̀ běn shǐ yòng shuō míng。	This computer has a manual for use.
说明	shuō míng	to explain	请你说明一下这个问题。	qǐng nǐ shuō míng yị́ xià zhè ge wèn tí。	Please explain this issue.
调查	diào chá	inquiry; investigation	我们做了一个市场调查。	wǒ men zuò le yị́ gè shì chǎng diào chá。	We conducted a market inquiry.
谈	tán	to talk	他们在咖啡馆谈了很久。	tā men zài kā fēi guǎn tán le hěn jiǔ。	They talked in the café for a long time.
负责	fù zé	to take responsibility for	他负责这件工作。	tā fù zé zhè jiàn gōng zuò。	He takes responsibility for this work.
责任	zé rèn	responsibility	这是你的一个重要责任。	zhè shì nǐ de yị́ gè zhòng yào zé rèn。	This is an important responsibility of yours.
质量	zhì liàng	quality	这个东西的质量很好。	zhè ge dōng xi de zhì liàng hěn hǎo。	The quality of this item is very good.
购物	gòu wù	shopping	她最喜欢购物。	tā zuì xǐ huan gòu wù。	She loves shopping most.
赚	zhuàn	to earn (money)	他每个月能赚多少钱？	tā měi gè yuè néng zhuàn duō shǎo qián？	How much money can he earn each month?
赢	yíng	to win	我们队赢了比赛。	wǒ men duì yíng le bǐ sài。	Our team won the match.
赶	gǎn	to catch up with	我跑快点儿才赶上了车。	wǒ pǎo kuài diǎn ér cái gǎn shàng le chē。	I ran faster and just caught up with the bus.
赶	gǎn	to drive off	他把狗赶出了院子。	tā bǎ gǒu gǎn chū le yuàn zi。	He drove the dog out of the yard.
超过	chāo guò	to exceed	他的体重超过了一百公斤。	tā de tǐ zhòng chāo guò le yị̀ bǎi gōng jīn。	His weight exceeded one hundred kilograms.
趟	tàng	measure word for trips and rows	我去了一趟北京。	wǒ qù le yị́ tàng běi jīng。	I made a trip to Beijing.
距离	jù lí	distance	两城之间的距离很远。	liǎng chéng zhī jiān de jù lí hěn yuǎn。	The distance between the two cities is very far.
躺	tǎng	to lie down; to recline	他生病了，躺在床上。	tā shēng bìng le， tǎng zài chuáng shàng。	He was sick and lay down in bed.
转	zhuàn	to revolve	那个东西一直在转。	nà ge dōng xi yị̀ zhí zài zhuàn。	That thing keeps revolving.
转	zhuǎn	to transfer	请把这封信转给他。	qǐng bǎ zhè fēng xìn zhuǎn gěi tā。	Please transfer this letter to him.
转	zhuǎn	to turn	请在这里左转。	qǐng zài zhè lǐ zuǒ zhuǎn。	Please turn left here.
轻	qīng	light (in weight, degree, etc.)	这个箱子很轻。	zhè ge xiāng zi hěn qīng。	This suitcase is very light (in weight).
轻松	qīng sōng	easy	这道题很轻松就做出来了。	zhè dào tí hěn qīng sōng jiù zuò chū lái le。	This question was solved very easily.
轻松	qīng sōng	relaxed; easy	假期里我很轻松。	jià qī lǐ wǒ hěn qīng sōng。	During the holiday I feel very relaxed.
输	shū	to be defeated; to lose	他在比赛中输了。	tā zài bǐ sài zhōng shū le。	He was defeated in the competition.
辛苦	xīn kǔ	exhausting; hard	长时间工作真辛苦。	cháng shí jiān gōng zuò zhēn xīn kǔ。	Working for a long time is truly exhausting.
辣	là	spicy	这个菜太辣了。	zhè ge cài tài là le。	This dish is too spicy.
过程	guò chéng	process	学习是一个很长的过程。	xué xí shì yị́ gè hěn cháng de guò chéng。	Learning is a long process.
进行	jìn xíng	to carry out; to execute	我们正在进行会议。	wǒ men zhèng zài jìn xíng huì yì。	We are carrying out a meeting.
连	lián	even (when used with 也 or 都)	他连饭都没吃。	tā lián fàn dōu méi chī。	He didn't even eat.
连	lián	including	连老师一起，一共有三十人。	lián lǎo shī yị̀ qǐ， yị́ gòng yǒu sān shí rén。	Including the teacher, there are thirty people in total.
连	lián	to link	这条路连着两个城市。	zhè tiáo lù lián zhe liǎng gè chéng shì。	This road links the two cities.
迷路	mí lù	to lose one's way	我在城市里迷路了。	wǒ zài chéng shì lǐ mí lù le。	I got lost in the city.
适合	shì hé	to fit; to suit	这双鞋很适合我穿。	zhè shuāng xié hěn shì hé wǒ chuān。	These shoes fit me well.
适应	shì yìng	to adapt	他很快适应了新生活。	tā hěn kuài shì yìng le xīn shēng huó。	He quickly adapted to the new life.
通知	tōng zhī	to inform; to notify	请通知大家明天早点来。	qǐng tōng zhī dà jiā míng tiān zǎo diǎn lái。	Please inform everyone to come early tomorrow.
通过	tōng guò	by means of	通过练习，他提高很快。	tōng guò liàn xí， tā tí gāo hěn kuài。	By means of practice, he improved quickly.
通过	tōng guò	to pass through	他通过了大门。	tā tōng guò le dà mén。	He passed through the main gate.
通过	tōng guò	via	通过电话，我们可以联系。	tōng guò diàn huà， wǒ men kě yǐ lián xì。	Via phone, we can stay in touch.
逛	guàng	to stroll	我们去商店逛了一下。	wǒ men qù shāng diàn guàng le yị́ xià。	We strolled around the shops.
速度	sù dù	rate; speed	经济增长的速度很快。	jīng jì zēng zhǎng de sù dù hěn kuài。	The rate of economic growth is very fast.
遍	biàn	time (measure word for actions)	这本书我看了三遍。	zhè běn shū wǒ kàn le sān biàn。	I have read this book three times.
道歉	dào qiàn	to apologize	他做错了事，向大家道歉。	tā zuò cuò le shì， xiàng dà jiā dào qiàn。	He did something wrong and apologized to everyone.
邀请	yāo qǐng	to invite	她邀请了我去她家吃饭。	tā yāo qǐng le wǒ qù tā jiā chī fàn。	She invited me to her home for dinner.
邮局	yóu jú	post office	我去邮局寄信。	wǒ qù yóu jú jì xìn。	I'm going to the post office to mail a letter.
郊区	jiāo qū	suburban district	这个城市有三个郊区。	zhè ge chéng shì yǒu sān gè jiāo qū。	This city has three suburban districts.
部分	bù fen	part	一部分同学去了学校看书。	yị́ bù fen tóng xué qù le xué xiào kàn shū。	A part of the students went to school to read.
酸	suān	acid	这种东西是酸，很危险。	zhè zhǒng dōng xi shì suān， hěn wēi xiǎn。	This substance is an acid; it's very dangerous.
酸	suān	sour	这个水果很酸。	zhè ge shuǐ guǒ hěn suān。	This fruit is very sour.
酸	suān	to ache	走了很久，腿有点酸。	zǒu le hěn jiǔ， tuǐ yǒu diǎn suān。	After walking for a long time, my legs ache a little.
醒	xǐng	to regain consciousness	他三天后才醒。	tā sān tiān hòu cái xǐng。	He did not regain consciousness until three days later.
醒	xǐng	to wake up	我每天七点醒。	wǒ měi tiān qī diǎn xǐng。	I wake up at seven every day.
重	chóng	again	这道题做错了，重做一遍。	zhè dào tí zuò cuò le， chóng zuò yị́ biàn。	This problem was done incorrectly — do it again.
重	zhòng	heavy	这个箱子很重，我搬不动。	zhè ge xiāng zi hěn zhòng， wǒ bān bu dòng。	This box is very heavy, I can't move it.
重	zhòng	important	他的责任很重。	tā de zé rèn hěn zhòng。	His responsibilities are very important.
重	chóng	measure word for layers	这件外套有三重，很厚。	zhè jiàn wài tào yǒu sān chóng， hěn hòu。	This coat has three layers and is very thick.
重新	chóng xīn	again	他重新开始了学习。	tā chóng xīn kāi shǐ le xué xí。	He started studying again.
重点	zhòng diǎn	important point	考试的重点是语法。	kǎo shì de zhòng diǎn shì yǔ fǎ。	The important point of the exam is grammar.
重视	zhòng shì	to attach importance to	他非常重视自己的健康。	tā fēi cháng zhòng shì zì jǐ de jiàn kāng。	He attaches great importance to his health.
钥匙	yào shi	key	我找不到钥匙了。	wǒ zhǎo bu dào yào shi le。	I can't find the key.
错误	cuò wù	error	他犯了一个错误。	tā fàn le yị́ gè cuò wù。	He made an error.
镜子	jìng zi	mirror	她对着镜子看自己。	tā duì zhe jìng zi kàn zì jǐ。	She looks at herself in the mirror.
长城	cháng chéng	Great Wall	长城非常长。	cháng chéng fēi cháng cháng。	The Great Wall is very long.
长江	cháng jiāng	Yangtze River	长江是中国最长的河。	cháng jiāng shì zhōng guó zuì cháng de hé。	The Yangtze is China's longest river.
阅读	yuè dú	to read	他每天阅读半小时。	tā měi tiān yuè dú bàn xiǎo shí。	He reads for half an hour every day.
阳光	yáng guāng	sunshine	今天阳光很好。	jīn tiān yáng guāng hěn hǎo。	The sunshine is very nice today.
降低	jiàng dī	to reduce	我们要想办法降低费用。	wǒ men yào xiǎng bàn fǎ jiàng dī fèi yòng。	We need to find ways to reduce costs.
降落	jiàng luò	to descend; to land	飞机开始慢慢降落。	fēi jī kāi shǐ màn màn jiàng luò。	The plane began to slowly descend.
陪	péi	to accompany	妈妈陪我去医院。	mā ma péi wǒ qù yī yuàn。	Mom accompanied me to the hospital.
随便	suí biàn	casual	他穿着随便，不太正式。	tā chuān zhe suí biàn， bụ́ tài zhèng shì。	He dresses casually, not very formally.
随便	suí biàn	however one wishes (e.g. 请随便坐 please sit anywhere)	请随便坐，不用客气。	qǐng suí biàn zuò， bụ́ yòng kè qi。	Please sit wherever you like, don't be shy.
随便	suí biàn	informal	今天是周末，穿得随便一点。	jīn tiān shì zhōu mò， chuān de suí biàn yị̀ diǎn。	It's the weekend, dress a bit informally.
随着	suí zhe	along with	随着音乐，她开始跳舞。	suí zhe yīn yuè， tā kāi shǐ tiào wǔ。	Along with the music, she started to dance.
随着	suí zhe	in the wake of	随着科技发展，生活更方便了。	suí zhe kē jì fā zhǎn， shēng huó gèng fāng biàn le。	In the wake of technological development, life has become more convenient.
难受	nán shòu	to feel unwell; to suffer pain	他今天感觉很难受。	tā jīn tiān gǎn jué hěn nán shòu。	He feels unwell today.
难道	nán dào	used at the beginning of a sentence or before a verb to make it a rhetorical question	难道你不知道吗？	nán dào nǐ bù zhī dào ma？	Don't you know? (rhetorical)
零钱	líng qián	change (of money)	你有零钱吗？我需要找零。	nǐ yǒu líng qián ma？ wǒ xū yào zhǎo líng。	Do you have change? I need some coins.
页	yè	page	这本书有三百页。	zhè běn shū yǒu sān bǎi yè。	This book has three hundred pages.
顺便	shùn biàn	conveniently; without much extra effort	你去超市，顺便帮我买点水果。	nǐ qù chāo shì， shùn biàn bāng wǒ mǎi diǎn shuǐ guǒ。	When you go to the supermarket, conveniently buy some fruit for me.
顺利	shùn lì	smoothly; without a hitch	比赛进行得很顺利。	bǐ sài jìn xíng de hěn shùn lì。	The competition went very smoothly.
顺序	shùn xù	order; sequence	这些文件要按顺序整理好。	zhè xiē wén jiàn yào àn shùn xù zhěng lǐ hǎo。	These documents need to be organized in order.
顾客	gù kè	client; customer	那个顾客想买东西。	nà ge gù kè xiǎng mǎi dōng xi。	That customer wants to buy something.
预习	yù xí	to prepare a lesson	上课前我预习了课文。	shàng kè qián wǒ yù xí le kè wén。	Before class I prepared the lesson.
餐厅	cān tīng	restaurant	这家餐厅的菜很好吃。	zhè jiā cān tīng de cài hěn hǎo chī。	The food at this restaurant is delicious.
饺子	jiǎo zi	dumpling	我们晚上吃饺子。	wǒ men wǎn shang chī jiǎo zi。	We're eating dumplings tonight.
饼干	bǐng gān	biscuit; cookie	我买了一包饼干。	wǒ mǎi le yị̀ bāo bǐng gān。	I bought a packet of biscuits.
首先	shǒu xiān	first (of all)	首先，我们来介绍一下。	shǒu xiān， wǒ men lái jiè shào yị́ xià。	First of all, let us make an introduction.
首都	shǒu dū	capital city	北京是中国的首都。	běi jīng shì zhōng guó de shǒu dū。	Beijing is the capital city of China.
香	xiāng	fragrant	这个房间里有一股香味。	zhè ge fáng jiān lǐ yǒu yị̀ gǔ xiāng wèi。	There is a fragrant smell in this room.
香	xiāng	with relish	他饿了，吃得很香。	tā è le， chī de hěn xiāng。	He was hungry and ate with great relish.
马虎	mǎ hu	careless	他做事很马虎。	tā zuò shì hěn mǎ hu。	He is very careless when doing things.
骄傲	jiāo ào	arrogance	他的骄傲让人不喜欢。	tā de jiāo ào ràng rén bù xǐ huan。	His arrogance makes people dislike him.
骄傲	jiāo ào	pride	她为孩子感到骄傲。	tā wèi hái zi gǎn dào jiāo ào。	She feels proud of her child.
骗	piàn	to cheat; to deceive	他骗了我的钱。	tā piàn le wǒ de qián。	He cheated me out of my money.
高速公路	gāo sù gōng lù	highway; expressway	高速公路上车很多。	gāo sù gōng lù shang chē hěn duō。	There are a lot of cars on the highway.
麻烦	má fan	to inconvenience; to trouble	真不好意思麻烦你了。	zhēn bù hǎo yì si má fan nǐ le。	I'm really sorry to inconvenience you.
鼓励	gǔ lì	to encourage	老师鼓励我们多说话。	lǎo shī gǔ lì wǒ men duō shuō huà。	The teacher encourages us to speak more.
上午	shàng wǔ	morning	我上午有汉语课。	wǒ shàng wǔ yǒu hàn yǔ kè。	I have Chinese class in the morning.
不客气	bù kè qi	you're welcome	不客气，这是我应该做的。	bù kè qi， zhè shì wǒ yīng gāi zuò de。	You're welcome, this is what I should do.
先生	xiān sheng	Mr.; sir	王先生是我的老师。	wáng xiān sheng shì wǒ de lǎo shī。	Mr. Wang is my teacher.
后面	hòu miàn	behind; in the back	书店在学校的后面。	shū diàn zài xué xiào de hòu miàn。	The bookstore is behind the school.
喂	wèi	hello (on phone); hey	喂，你是谁？	wèi， nǐ shì shéi？	Hello, who is this?
小姐	xiǎo jiě	Miss; young lady	这位小姐是我的朋友。	zhè wèi xiǎo jiě shì wǒ de péng you。	This young lady is my friend.
丈夫	zhàng fu	husband	她的丈夫是医生。	tā de zhàng fu shì yī shēng。	Her husband is a doctor.
右边	yòu biān	right side	商店在路的右边。	shāng diàn zài lù de yòu biān。	The shop is on the right side of the road.
妻子	qī zi	wife	他的妻子很漂亮。	tā de qī zi hěn piào liang。	His wife is very pretty.
姓	xìng	surname; to be surnamed	我姓王。	wǒ xìng wáng。	My surname is Wang.
左边	zuǒ biān	left side	学校在医院的左边。	xué xiào zài yī yuàn de zuǒ biān。	The school is on the left side of the hospital.
晴	qíng	clear; sunny (of weather)	今天天很晴。	jīn tiān tiān hěn qíng。	The weather is very clear today.
火车站	huǒ chē zhàn	train station	火车站离这儿很近。	huǒ chē zhàn lí zhèr hěn jìn。	The train station is very close to here.
阴	yīn	cloudy; overcast	今天天有点儿阴。	jīn tiān tiān yǒu diǎnr yīn。	The weather is a bit overcast today.
上网	shàng wǎng	to go online	我每天都上网看新闻。	wǒ měi tiān dōu shàng wǎng kàn xīn wén。	I go online every day to read the news.
照相机	zhào xiàng jī	camera	我的照相机是新的。	wǒ de zhào xiàng jī shì xīn de。	My camera is new.
电子邮件	diàn zǐ yóu jiàn	email	我给老师发了一封电子邮件。	wǒ gěi lǎo shī fā le yị̀ fēng diàn zǐ yóu jiàn。	I sent the teacher an email.
行李箱	xíng li xiāng	suitcase	我的行李箱很重。	wǒ de xíng li xiāng hěn zhòng。	My suitcase is very heavy.
黄河	huáng hé	Yellow River	黄河是中国第二长的河。	huáng hé shì zhōng guó dì èr cháng de hé。	The Yellow River is China's second longest river.
