rank	phrase	note
107	猪队友	useless teammate (猪 above L4)
207	冲着颜值来的	here for the looks (冲着 above L4)
222	氛围感	氛围感拉满 (氛围感 above L4)
604	蹭热度	ride the hype (蹭 above L4)
625	人间真实	painfully relatable (真实 above L4)
631	一片空白	mind goes blank (空白 above L4)
635	车祸现场	trainwreck (现场 above L4)
675	过于真实	way too real (真实 above L4)
677	非看不可	非…不可 must (非 above L4)
688	笑容逐渐消失	smile slowly fades (笑容/消失 above L4)
759	戏精	drama queen (精 above L4)
769	一千粉	涨粉 gain followers (粉 above L4)
793	剧本杀	murder-mystery game (杀 above L4)
795	以什么身份	stock comeback (以 above L4)
838	滤镜碎了	illusion shattered (碎 above L4)
871	蹭热度	ride the hype (热度 above L4)
941	反差萌	gap moe (反差 above L4)
56	白嫖	pass5 meme (白)
57	一键三连	pass5 meme (三连)
52	神操作	pass5 meme (神)
53	杀疯了	pass5 meme (杀)
97	情绪价值	pass5 meme (情绪)
70	时代的眼泪	pass5 meme (时代)
108	伤害性不高，侮辱性极强	pass5 meme (伤害)
156	骚操作	pass5 meme (操作)
184	容貌焦虑	pass5 meme (焦虑)
245	心态崩了	pass5 meme (心态)
226	主角光环	pass5 meme (主角)
273	标题党	pass5 meme (标题)
201	网络一线牵，珍惜这段缘	pass5 meme (网络)
303	审美在线	pass5 meme (审美)
339	迷惑行为	pass5 meme (行为)
352	演技炸裂	pass5 meme (演技)
385	单曲循环	pass5 meme (循环)
493	甩锅	pass5 meme (锅)
531	刷新了我的认知	pass5 meme (认知)
565	求同款	pass5 meme (同款)
576	不争气的眼泪从嘴角流了下来	pass5 meme (眼泪)
555	毫无违和感	pass5 meme (毫无)
603	贫穷限制了我的想象力	pass5 meme (限制)
680	拯救了银河系	pass5 meme (辈子)
696	极限拉扯	pass5 meme (极限)
623	我悟了	pass5 meme (大师)
698	隔着屏幕	pass5 meme (隔)
719	颜值巅峰	pass5 meme (巅峰)
725	高光时刻	pass5 meme (时刻)
775	自律给我自由	pass5 meme (自律)
813	黑暗料理	pass5 meme (黑暗)
899	撒狗粮	pass5 meme (撒)
825	男友力	pass5 meme (男友)
801	上帝视角	pass5 meme (视角)
919	人间美味	pass5 meme (美味)
